"id","name","breed","sex","shots","licensed","neutered","birthday","weight"
"0","Selina","Beagle","M","0","0","1","2007-09-16","28"
"0","Enos","Golden Retriever","F","0","1","1","2007-10-03","122"
"0","Lenora","Beagle","M","0","1","0","2008-05-06","51"
"0","Lucius","Pug","M","0","1","0","2004-10-22","32"
"0","Earnestine","Mastiff","F","1","0","1","2015-09-09","55"
"0","Jaydon","Doberman Pinscher","F","1","1","0","2013-11-21","66"
"0","Neil","Yorkshire Terriers","M","0","0","1","2000-02-07","95"
"0","Arlo","Afghan","F","0","0","1","2016-06-07","49"
"0","Lillian","Australian Shepherd","M","1","0","1","2004-07-08","53"
"0","Katharina","Pug","M","0","1","0","2000-02-22","117"
"0","Lauren","Alaskan Malamute","F","1","1","1","2004-09-25","64"
"0","Nellie","Great Dane","F","0","0","0","2001-05-20","37"
"0","Mason","Cavalier King Charles Spaniel","F","0","1","0","2017-12-01","131"
"0","Justen","Rottweiler","F","0","0","1","2006-12-25","105"
"0","Lamar","Shih Tzu","F","0","0","0","2017-05-01","28"
"0","Chanelle","Bulldog","F","0","0","0","2008-01-19","8"
"0","Tremaine","Australian Shepherd","F","0","0","0","2012-02-06","80"
"0","Edgar","Rottweiler","F","0","0","1","2004-11-10","49"
"0","Alicia","German Shepherd","F","1","1","1","2015-02-18","46"
"0","Toney","Boston Terrier","F","0","0","1","2009-01-20","125"
"0","Adelia","Beagle","F","0","1","0","2015-03-25","12"
"0","Jose","Great Dane","M","0","0","0","2013-10-05","122"
"0","Alda","Irish Wolfhound","F","0","1","1","2010-10-05","36"
"0","Margaret","Golden Retriever","F","0","1","0","2001-03-01","129"
"0","Bria","Alaskan Malamute","M","0","1","1","2001-10-04","59"
"0","Joanne","Shih Tzu","F","0","0","0","2016-12-25","25"
"0","Janice","Beagle","F","0","0","1","2006-04-02","23"
"0","Vilma","Doberman Pinscher","F","0","0","0","2000-09-08","51"
"0","Leilani","Shih Tzu","F","1","0","1","2003-08-12","108"
"0","Louvenia","Golden Retriever","F","0","1","0","2010-10-07","65"
"0","Laverna","Cavalier King Charles Spaniel","F","0","0","0","2007-09-02","33"
"0","Wilfrid","Australian Shepherd","M","0","0","0","2016-07-21","77"
"0","Marilie","Golden Retriever","F","0","1","0","2010-11-20","55"
"0","Brent","Yorkshire Terriers","F","1","1","1","2016-01-21","44"
"0","Alessandro","Irish Wolfhound","F","1","1","1","2005-08-17","107"
"0","Antonette","Labrador","M","1","1","1","2008-07-17","123"
"0","Reece","Golden Retriever","M","0","0","0","2014-02-09","23"
"0","Wilfrid","Beagle","F","0","0","0","2003-12-02","75"
"0","Aletha","Huskie","M","0","1","1","2004-05-06","101"
"0","Brent","Irish Wolfhound","F","0","1","0","2005-03-16","101"
"0","Alan","Beagle","F","0","0","0","2001-11-04","84"
"0","Lavonne","Dalmatian","F","1","1","0","2007-08-26","62"
"0","Shirley","Bernese Mountain Dog","M","0","1","0","2015-12-04","59"
"0","Santa","Dalmatian","M","0","1","0","2012-06-20","24"
"0","Lempi","Corgi","M","1","1","0","2012-02-09","54"
"0","Annie","Cavalier King Charles Spaniel","F","1","0","0","2016-02-08","119"
"0","Theodora","Bernese Mountain Dog","M","0","1","1","2000-01-16","132"
"0","Harold","Beagle","F","1","1","0","2011-06-02","41"
"0","Pat","Irish Wolfhound","F","1","1","1","2016-09-17","45"
"0","Adrian","Golden Retriever","F","1","0","1","2014-05-26","116"
"0","Simone","Dachshunds","M","0","0","1","2015-08-09","67"
"0","Kaley","Australian Shepherd","M","0","1","1","2007-06-23","15"
"0","Beaulah","Cavalier King Charles Spaniel","M","0","0","0","2016-10-09","62"
"0","Kasandra","Bernese Mountain Dog","M","1","1","1","2001-06-02","104"
"0","Henderson","Poodle","M","0","1","1","2010-10-18","34"
"0","Imani","Rottweiler","M","0","1","0","2003-08-06","8"
"0","Benjamin","Boston Terrier","M","1","1","0","2010-07-14","27"
"0","Alaina","Corgi","F","0","1","1","2014-09-19","89"
"0","Kim","Corgi","F","1","1","1","2000-05-09","89"
"0","Dennis","Dalmatian","M","1","0","0","2014-11-03","61"
"0","Major","Dalmatian","M","1","1","0","2014-09-11","32"
"0","Verla","Labrador","F","1","1","0","2009-05-03","106"
"0","Aiyana","Alaskan Malamute","F","0","1","1","2010-08-28","52"
"0","Rosario","Afghan","M","1","0","0","2015-09-08","66"
"0","Anita","Irish Wolfhound","M","0","0","0","2010-06-23","134"
"0","Annabel","German Shepherd","M","0","1","0","2011-12-23","80"
"0","Arlie","Rottweiler","F","1","0","0","2012-05-15","13"
"0","Jaquan","Labrador","F","1","0","0","2002-12-02","61"
"0","Trever","Rottweiler","F","1","0","0","2011-09-17","58"
"0","Kali","Cavalier King Charles Spaniel","F","1","0","1","2004-01-08","94"
"0","Maye","Alaskan Malamute","F","1","1","0","2013-09-25","55"
"0","Jarred","Mastiff","M","1","1","0","2003-06-21","18"
"0","Reilly","Dalmatian","M","0","0","0","2007-07-28","73"
"0","Lulu","Bernese Mountain Dog","M","1","1","0","2017-04-13","22"
"0","Emil","Poodle","F","1","1","0","2016-06-03","33"
"0","Noe","Poodle","F","1","0","1","2009-01-10","79"
"0","Sydnee","Corgi","F","0","0","0","2015-06-06","65"
"0","Deja","Beagle","M","0","0","1","2003-03-14","113"
"0","Maurice","Border Collie","F","0","1","0","2002-01-13","25"
"0","Nakia","Dachshunds","F","0","0","0","2003-08-27","18"
"0","Chester","Yorkshire Terriers","M","1","0","0","2011-11-20","130"
"0","Merlin","Border Collie","M","1","1","1","2004-07-01","19"
"0","Travis","Bernese Mountain Dog","M","1","1","1","2002-09-09","60"
"0","Rodrigo","Pug","F","0","1","1","2003-04-21","93"
"0","Raegan","Boston Terrier","F","0","0","1","2010-02-25","52"
"0","Vance","Cavalier King Charles Spaniel","M","0","1","1","2015-11-11","8"
"0","Marcella","Beagle","F","1","1","0","2002-02-04","114"
"0","Lessie","Afghan","M","0","1","0","2000-01-12","123"
"0","Edyth","Golden Retriever","F","0","1","1","2005-09-03","62"
"0","Keagan","Boston Terrier","F","0","0","0","2004-02-07","63"
"0","Kaia","Pug","F","1","0","0","2001-03-28","26"
"0","Darrell","Alaskan Malamute","F","0","1","1","2012-06-12","35"
"0","Hulda","Dalmatian","F","0","1","0","2016-05-01","93"
"0","Dewitt","Bulldog","M","1","0","0","2000-02-19","63"
"0","Favian","Australian Shepherd","M","0","0","1","2000-01-15","123"
"0","Kathlyn","Yorkshire Terriers","M","0","0","1","2012-06-18","93"
"0","Blaze","Alaskan Malamute","F","1","0","0","2012-12-25","16"
"0","Thelma","Alaskan Malamute","M","1","0","1","2010-08-22","23"
"0","Courtney","Dachshunds","M","0","1","0","2004-08-19","133"
"0","Emiliano","Labrador","M","1","0","1","2000-03-19","110"
"0","Barrett","Pug","F","0","1","1","2009-01-07","84"
"0","Destiney","Australian Shepherd","F","0","0","0","2016-03-14","109"
"0","Vella","Mastiff","M","0","1","0","2003-05-07","69"
"0","Nicolas","Boxers","M","1","1","0","2001-02-14","35"
"0","Chris","Poodle","F","1","0","0","2014-06-08","58"
"0","Ahmad","Shih Tzu","F","0","0","0","2003-02-14","129"
"0","Raleigh","Corgi","F","1","1","1","2000-12-24","88"
"0","Cecilia","Great Dane","M","0","0","1","2003-10-01","71"
"0","Celestino","Bulldog","F","1","1","0","2015-05-21","129"
"0","Ethelyn","Labrador","M","1","0","0","2013-03-09","64"
"0","Lura","German Shepherd","F","1","1","0","2004-01-04","58"
"0","Terrell","Boxers","M","1","0","0","2007-05-14","109"
"0","Newell","Alaskan Malamute","M","1","1","1","2001-06-16","12"
"0","Darrell","Pug","F","0","0","0","2001-06-22","20"
"0","Brandon","Huskie","M","1","0","1","2001-02-16","102"
"0","Idell","Bernese Mountain Dog","F","1","1","0","2012-04-15","100"
"0","Sherman","Bernese Mountain Dog","F","1","0","1","2015-11-07","38"
"0","Audreanne","German Shepherd","F","0","0","0","2012-06-05","20"
"0","Eda","Australian Shepherd","M","1","1","0","2001-09-20","79"
"0","Marcel","Huskie","M","1","0","1","2011-11-13","18"
"0","Rosetta","Boston Terrier","F","0","0","1","2001-03-10","6"
"0","Haleigh","Corgi","M","0","1","1","2007-03-06","27"
"0","Rubie","Bulldog","F","0","0","1","2000-05-23","40"
"0","Alessia","Golden Retriever","F","0","1","1","2001-05-25","23"
"0","Addie","Doberman Pinscher","F","1","1","1","2003-08-08","117"
"0","Name","Afghan","F","0","1","0","2004-10-02","35"
"0","Bianka","Alaskan Malamute","M","1","0","1","2016-11-20","68"
"0","Kelsi","Golden Retriever","F","1","0","1","2000-04-28","66"
"0","Casey","Boxers","M","1","1","0","2007-09-13","128"
"0","Pete","German Shepherd","F","0","1","1","2016-12-11","7"
"0","Destinee","Bulldog","F","0","1","1","2011-03-14","26"
"0","Merlin","Boston Terrier","M","1","1","1","2002-03-17","30"
"0","Gabe","Pug","F","1","1","1","2010-11-28","24"
"0","Howell","Australian Shepherd","F","0","0","0","2017-01-20","117"
"0","Maudie","Poodle","F","0","0","1","2016-03-10","14"
"0","Mossie","Beagle","F","0","1","0","2003-09-11","53"
"0","Moshe","Corgi","F","0","0","0","2000-01-08","93"
"0","Reece","Boxers","F","1","0","0","2009-08-27","86"
"0","Nikki","Bulldog","F","1","0","1","2012-05-13","11"
"0","Mack","Mastiff","M","0","1","0","2008-11-15","20"
"0","Gerard","Irish Wolfhound","M","0","0","1","2016-04-14","116"
"0","Berry","Dachshunds","F","1","1","0","2001-02-08","25"
"0","Jean","Mastiff","M","0","1","1","2015-06-16","107"
"0","Amie","Yorkshire Terriers","F","1","0","1","2000-12-05","8"
"0","Aimee","Labrador","M","1","1","0","2007-05-06","7"
"0","Lera","Labrador","M","1","1","1","2001-08-24","10"
"0","Kaleigh","Boxers","M","1","0","1","2006-05-21","15"
"0","Laurence","Shih Tzu","F","0","1","0","2006-11-24","19"
"0","Luther","Boston Terrier","F","1","1","0","2010-06-24","13"
"0","Adan","Alaskan Malamute","F","0","0","0","2009-12-15","50"
"0","Felicia","German Shepherd","M","0","0","1","2010-04-02","6"
"0","Zackery","Border Collie","M","1","1","1","2006-03-14","19"
"0","Jerel","Irish Wolfhound","F","0","1","1","2000-10-03","56"
"0","Odell","Golden Retriever","M","1","0","1","2014-06-05","60"
"0","Gina","Labrador","M","1","0","1","2002-05-19","66"
"0","Sasha","Corgi","F","0","1","0","2000-04-16","86"
"0","Darrin","German Shepherd","F","1","0","1","2009-03-24","83"
"0","Monica","Labrador","M","0","0","0","2007-09-20","44"
"0","Assunta","Great Dane","F","0","0","0","2011-07-05","19"
"0","Buster","Bulldog","F","1","0","0","2012-12-07","92"
"0","Rebeca","Alaskan Malamute","F","1","1","0","2003-01-19","100"
"0","Rusty","Border Collie","F","0","0","1","2011-06-08","123"
"0","Daija","Cavalier King Charles Spaniel","F","0","0","0","2014-04-05","116"
"0","Barry","Beagle","F","0","1","1","2017-07-02","17"
"0","Moshe","Beagle","F","0","1","0","2001-11-21","117"
"0","Eleonore","Afghan","M","1","1","0","2015-02-12","78"
"0","Jaquan","Mastiff","F","1","1","0","2014-01-16","27"
"0","Sidney","Bulldog","F","1","1","1","2004-01-14","44"
"0","Weston","Boston Terrier","M","1","1","0","2006-11-22","111"
"0","Minnie","Great Dane","M","1","0","1","2009-06-27","97"
"0","Adriana","Mastiff","F","1","1","1","2010-06-14","120"
"0","Declan","Bernese Mountain Dog","M","0","0","1","2013-04-18","78"
"0","Kevin","Australian Shepherd","F","1","1","0","2006-04-13","66"
"0","Sierra","Huskie","M","0","1","0","2013-02-21","67"
"0","Leanna","Bernese Mountain Dog","F","1","1","0","2003-11-24","24"
"0","Arvid","Boxers","F","1","0","1","2001-12-11","25"
"0","Claude","Bernese Mountain Dog","F","1","1","0","2001-11-11","134"
"0","Jacquelyn","Huskie","F","0","1","1","2014-08-01","64"
"0","Valentina","Cavalier King Charles Spaniel","F","1","1","1","2015-04-08","9"
"0","Felipa","Huskie","F","0","0","1","2002-11-16","79"
"0","Ahmad","Irish Wolfhound","F","0","0","0","2008-08-05","52"
"0","Allie","Boston Terrier","M","0","1","0","2010-08-27","22"
"0","Reilly","Pug","F","1","1","0","2002-12-07","104"
"0","Herta","Pug","M","0","1","1","2002-10-16","63"
"0","Earl","Border Collie","M","1","1","0","2011-01-21","119"
"0","Nickolas","Australian Shepherd","M","1","1","1","2015-01-22","111"
"0","Norma","Afghan","M","1","0","1","2010-01-20","80"
"0","Dahlia","Boxers","M","1","0","0","2013-06-20","69"
"0","Ricky","Pug","F","1","0","1","2016-06-08","32"
"0","Berry","Boxers","F","0","1","0","2016-02-27","111"
"0","Ari","Labrador","M","1","0","1","2007-12-24","115"
"0","Abner","Beagle","F","1","1","0","2017-09-14","133"
"0","Burley","Yorkshire Terriers","F","1","0","1","2015-11-28","10"
"0","Winfield","Australian Shepherd","M","0","0","1","2007-03-20","53"
"0","Florence","Rottweiler","M","0","1","0","2001-09-01","86"
"0","Lisa","Poodle","F","0","1","0","2004-01-07","127"
"0","Kaitlin","Beagle","M","0","1","0","2004-09-07","37"
"0","Nikki","German Shepherd","F","0","0","1","2012-05-28","56"
"0","Callie","Rottweiler","M","1","0","1","2004-05-27","125"
"0","Mason","Irish Wolfhound","F","0","0","0","2016-08-14","75"
"0","Enrique","Border Collie","M","0","1","0","2005-01-26","37"
"0","Ervin","Pug","F","0","1","1","2008-01-25","44"
"0","Flo","Alaskan Malamute","F","0","0","1","2014-07-19","21"
"0","Saul","German Shepherd","M","0","0","0","2003-12-27","61"
"0","Olga","Mastiff","F","0","1","0","2002-11-09","49"
"0","Giovani","Australian Shepherd","F","0","0","1","2009-05-09","16"
"0","Brandyn","Bernese Mountain Dog","F","0","1","1","2011-02-03","55"
"0","Vena","Boston Terrier","M","1","0","0","2007-02-10","69"
"0","Giuseppe","Great Dane","F","0","0","0","2009-02-07","96"
"0","Jordyn","Bernese Mountain Dog","F","0","1","0","2002-01-23","94"
"0","Hildegard","German Shepherd","F","1","1","0","2006-07-16","45"
"0","Drake","Dachshunds","M","0","0","0","2013-06-10","104"
"0","Francisco","Bulldog","M","0","1","1","2005-07-18","44"
"0","Cicero","Golden Retriever","F","0","1","1","2009-02-17","17"
"0","Estell","Bernese Mountain Dog","F","0","1","1","2014-01-08","109"
"0","Erika","Poodle","M","0","1","0","2010-08-28","69"
"0","Cristina","Labrador","F","1","1","1","2017-04-27","134"
"0","Ruth","Rottweiler","M","1","1","0","2010-07-13","51"
"0","Barrett","Irish Wolfhound","F","1","1","1","2008-01-08","55"
"0","Pink","Dalmatian","F","1","1","0","2005-12-13","118"
"0","Angeline","Bernese Mountain Dog","F","1","0","1","2005-05-09","131"
"0","Tatum","Huskie","F","1","1","0","2013-12-23","28"
"0","Clemmie","Alaskan Malamute","M","1","0","0","2006-04-11","84"
"0","Reyna","Afghan","F","0","0","1","2015-03-09","14"
"0","Estrella","Rottweiler","M","0","1","1","2008-05-03","19"
"0","Cornell","Border Collie","M","0","1","1","2004-08-05","47"
"0","Johnpaul","Rottweiler","F","0","1","1","2011-04-14","113"
"0","Margarete","Irish Wolfhound","M","0","1","0","2001-10-18","16"
"0","Percy","Labrador","M","0","0","1","2001-02-23","46"
"0","Abraham","Poodle","M","1","1","0","2007-02-24","80"
"0","Clara","Alaskan Malamute","M","0","1","1","2000-08-24","73"
"0","Kelton","Corgi","M","0","1","1","2007-04-14","82"
"0","Jacynthe","Yorkshire Terriers","F","1","0","1","2007-01-27","82"
"0","Darius","Rottweiler","M","1","1","1","2016-05-06","48"
"0","Cathrine","Rottweiler","F","1","0","0","2008-09-21","133"
"0","Kaleb","Shih Tzu","M","1","0","1","2004-11-01","55"
"0","Earnest","Great Dane","F","1","1","0","2004-11-18","66"
"0","Sheila","Australian Shepherd","F","0","0","0","2015-04-04","123"
"0","Guadalupe","Australian Shepherd","F","1","1","1","2007-10-22","118"
"0","Alex","Irish Wolfhound","M","1","0","0","2004-05-19","79"
"0","Gustave","Bulldog","F","0","0","0","2013-05-20","119"
"0","Laurine","Dachshunds","M","0","0","1","2014-05-16","83"
"0","Darren","Golden Retriever","F","1","0","0","2013-04-24","131"
"0","Tressie","Dachshunds","F","0","1","1","2010-10-10","46"
"0","Maryjane","Rottweiler","M","0","1","0","2015-08-20","67"
"0","Makenna","Shih Tzu","M","0","1","0","2004-06-17","34"
"0","Alisa","Bernese Mountain Dog","F","0","0","0","2012-09-12","42"
"0","Kyler","Boston Terrier","M","0","1","0","2008-11-10","124"
"0","Tristian","Border Collie","M","1","1","0","2014-05-20","98"
"0","Adrianna","Corgi","M","0","1","0","2013-06-14","71"
"0","Coty","Yorkshire Terriers","M","0","0","1","2006-03-07","83"
"0","Werner","Great Dane","M","1","0","0","2012-04-24","86"
"0","Leopold","Border Collie","F","0","0","0","2003-10-04","37"
"0","Rasheed","Alaskan Malamute","F","0","1","1","2014-10-04","114"
"0","Noelia","Poodle","M","0","0","0","2005-03-10","100"
"0","Mitchel","Border Collie","M","0","1","0","2003-03-12","91"
"0","Edythe","Yorkshire Terriers","M","0","0","0","2017-03-25","87"
"0","Jarvis","Huskie","F","1","0","0","2010-05-05","126"
"0","Megane","Golden Retriever","M","1","0","1","2006-05-15","109"
"0","Lexus","Border Collie","M","1","1","0","2009-11-21","12"
"0","Liza","Doberman Pinscher","F","1","1","1","2003-05-09","20"
"0","Gertrude","Boston Terrier","M","1","1","1","2008-07-06","39"
"0","Aaliyah","Golden Retriever","F","0","1","1","2006-03-07","10"
"0","Roberto","Labrador","M","0","1","0","2014-12-01","122"
"0","Leanna","Huskie","M","1","0","0","2005-07-22","127"
"0","Veronica","Cavalier King Charles Spaniel","M","1","0","0","2014-06-15","128"
"0","Sylvia","Dachshunds","F","0","1","0","2014-10-24","30"
"0","Dino","Yorkshire Terriers","F","0","1","0","2017-04-05","17"
"0","Freddie","Golden Retriever","F","0","1","1","2016-07-08","105"
"0","Winfield","German Shepherd","M","0","1","0","2010-04-20","75"
"0","Kasandra","Shih Tzu","F","0","0","0","2001-05-06","112"
"0","Marcelo","Bernese Mountain Dog","F","0","0","1","2009-07-16","120"
"0","Hailie","Labrador","M","0","1","1","2015-06-26","30"
"0","Betty","Mastiff","M","1","0","1","2002-02-02","81"
"0","Alfonso","Labrador","M","0","0","1","2006-12-12","27"
"0","Hayden","Rottweiler","F","1","1","0","2002-03-09","75"
"0","Brown","Australian Shepherd","M","1","1","1","2004-07-04","12"
"0","Amelie","Doberman Pinscher","M","0","1","0","2011-01-15","39"
"0","Winnifred","Australian Shepherd","M","0","0","0","2003-11-18","121"
"0","Selina","Mastiff","M","0","0","0","2012-09-05","9"
"0","Halie","Boxers","F","1","1","1","2017-01-03","76"
"0","Alta","Rottweiler","F","1","1","0","2010-10-22","39"
"0","Gregoria","Dachshunds","F","1","0","0","2007-09-06","48"
"0","Twila","German Shepherd","M","1","1","0","2004-06-08","95"
"0","Opal","Boston Terrier","M","0","0","1","2000-11-25","129"
"0","Kayli","Golden Retriever","F","0","1","1","2014-01-10","82"
"0","Deron","Irish Wolfhound","F","1","1","1","2009-11-23","124"
"0","Trycia","Poodle","F","1","1","1","2009-11-22","65"
"0","Angelica","Boxers","F","1","1","1","2005-11-02","94"
"0","Thurman","Alaskan Malamute","M","0","1","0","2011-06-21","66"
"0","Ara","Golden Retriever","F","1","0","1","2001-11-20","92"
"0","Clement","Mastiff","F","0","1","0","2009-08-10","21"
"0","Dawson","Huskie","M","0","0","1","2005-11-17","66"
"0","Lyric","Cavalier King Charles Spaniel","F","0","1","1","2006-05-02","119"
"0","Jerrod","Mastiff","F","0","1","0","2000-02-16","97"
"0","Yolanda","Doberman Pinscher","M","1","1","0","2004-04-26","85"
"0","Aric","Rottweiler","M","1","0","0","2013-02-20","131"
"0","Angie","Huskie","F","0","1","1","2008-05-24","115"
"0","Angelo","Australian Shepherd","F","0","1","1","2010-10-05","103"
"0","Alexandre","Doberman Pinscher","F","1","1","1","2010-11-26","107"
"0","Heber","Bernese Mountain Dog","F","1","0","0","2008-05-05","128"
"0","Kiara","Shih Tzu","M","0","0","0","2012-11-13","21"
"0","Yasmin","Dalmatian","M","0","0","1","2007-12-27","67"
"0","Florine","Bernese Mountain Dog","F","0","0","1","2005-10-19","29"
"0","Marianna","Alaskan Malamute","M","0","0","0","2017-09-14","93"
"0","Consuelo","Pug","F","1","0","0","2011-02-17","69"
"0","Francisca","Irish Wolfhound","M","0","1","0","2013-03-07","13"
"0","Tre","Bulldog","M","1","1","0","2007-04-16","45"
"0","Alexa","Cavalier King Charles Spaniel","F","0","1","1","2007-02-28","79"
"0","August","Dachshunds","F","0","0","1","2006-10-24","10"
"0","Emilie","Shih Tzu","F","1","0","0","2005-09-04","56"
"0","Lane","Poodle","M","0","1","0","2014-07-02","128"
"0","Roxanne","Poodle","F","1","0","0","2005-09-20","108"
"0","Darion","Doberman Pinscher","M","0","1","0","2013-09-17","43"
"0","Summer","Mastiff","F","1","1","1","2003-01-06","28"
"0","Amari","Golden Retriever","F","0","1","0","2015-08-07","89"
"0","Yesenia","Afghan","F","0","1","1","2007-12-16","95"
"0","Mathias","Beagle","M","1","0","1","2010-11-04","21"
"0","Yazmin","Afghan","M","0","0","1","2008-05-18","18"
"0","Shayna","Australian Shepherd","M","0","1","0","2004-03-23","19"
"0","Jerome","Dachshunds","M","0","0","1","2002-10-08","108"
"0","Selmer","Great Dane","M","1","1","1","2005-05-23","45"
"0","Meggie","Rottweiler","M","0","0","0","2003-06-11","88"
"0","Elody","Huskie","M","0","1","0","2001-11-13","73"
"0","Anabel","German Shepherd","M","1","0","1","2014-08-20","123"
"0","Adrian","Dalmatian","M","1","1","1","2006-12-19","60"
"0","Ferne","Border Collie","F","0","0","0","2010-08-26","127"
"0","Mervin","Golden Retriever","F","1","0","0","2001-08-09","99"
"0","Hannah","Great Dane","M","0","1","0","2007-04-21","43"
"0","Novella","Australian Shepherd","M","0","0","1","2002-10-11","76"
"0","Agnes","Alaskan Malamute","M","1","1","0","2015-03-02","102"
"0","Hulda","Golden Retriever","F","0","1","0","2005-12-19","81"
"0","Jordane","German Shepherd","F","0","1","1","2009-04-07","113"
"0","Molly","Australian Shepherd","M","1","0","0","2006-11-04","132"
"0","Alfreda","Dachshunds","M","0","0","0","2010-11-01","10"
"0","Ray","Rottweiler","F","0","0","0","2014-09-04","134"
"0","Ova","Cavalier King Charles Spaniel","F","0","0","1","2017-12-17","21"
"0","Patricia","Great Dane","M","1","1","0","2012-03-20","108"
"0","Rick","Dachshunds","F","1","0","1","2013-12-27","117"
"0","Dovie","Rottweiler","F","0","1","1","2004-01-16","37"
"0","Alayna","Beagle","M","0","1","0","2002-03-17","59"
"0","Jeffery","Great Dane","F","0","1","1","2009-07-04","105"
"0","Brady","Dachshunds","M","1","0","1","2008-06-13","32"
"0","Sven","Poodle","M","0","0","1","2002-11-11","111"
"0","Fiona","Bulldog","M","1","1","0","2004-05-23","115"
"0","Waldo","Shih Tzu","M","0","0","1","2017-08-08","17"
"0","Mossie","Labrador","F","0","1","0","2001-04-11","22"
"0","Hosea","Afghan","M","0","1","0","2001-11-22","98"
"0","Mose","Irish Wolfhound","M","1","0","1","2006-08-13","9"
"0","Jace","Great Dane","M","0","1","1","2003-12-03","49"
"0","Concepcion","Labrador","M","0","0","0","2000-06-26","45"
"0","Kathlyn","Australian Shepherd","F","1","0","1","2008-02-03","88"
"0","Sim","Alaskan Malamute","M","0","1","0","2001-05-10","10"
"0","Enos","Yorkshire Terriers","F","0","1","1","2012-04-13","118"
"0","Sterling","Great Dane","F","0","1","0","2016-06-01","6"
"0","Miles","Irish Wolfhound","M","0","0","0","2006-06-08","19"
"0","Austen","Irish Wolfhound","F","0","0","1","2015-04-22","95"
"0","Mollie","Doberman Pinscher","M","0","0","1","2005-04-26","108"
"0","Reva","Dachshunds","F","0","0","1","2013-11-27","88"
"0","Webster","Poodle","M","0","0","0","2008-11-02","48"
"0","Anika","Boxers","M","1","0","1","2005-05-05","60"
"0","Dewayne","Beagle","F","0","0","1","2000-09-19","115"
"0","Fern","Doberman Pinscher","M","1","0","0","2002-08-27","119"
"0","Muriel","Mastiff","M","0","1","1","2012-02-01","88"
"0","Jake","Irish Wolfhound","M","0","1","0","2017-10-27","11"
"0","Cali","Shih Tzu","M","1","0","1","2009-03-06","122"
"0","Marty","Border Collie","F","0","1","0","2017-11-15","78"
"0","Jaron","Border Collie","F","1","0","1","2001-06-08","87"
"0","Bernadette","Dachshunds","F","1","0","0","2002-01-05","50"
"0","Ashley","Yorkshire Terriers","M","1","0","0","2007-05-17","89"
"0","Braeden","Alaskan Malamute","F","0","1","0","2004-04-22","17"
"0","Sean","Shih Tzu","M","0","1","0","2001-08-12","33"
"0","Rebeka","Irish Wolfhound","F","1","0","0","2008-09-06","112"
"0","Isabella","Rottweiler","M","1","1","0","2005-11-14","95"
"0","Carmen","Great Dane","M","1","1","0","2013-09-05","124"
"0","Emma","Bulldog","M","1","1","0","2016-07-25","133"
"0","Myrna","Dachshunds","F","1","1","0","2007-11-28","106"
"0","Emmett","Dalmatian","F","0","0","0","2013-07-23","89"
"0","Parker","Yorkshire Terriers","M","0","0","0","2002-08-07","8"
"0","Wilma","Dalmatian","M","1","1","0","2007-03-28","129"
"0","Skye","Huskie","M","1","0","0","2009-05-12","129"
"0","Lulu","Doberman Pinscher","M","1","1","0","2010-12-03","57"
"0","Stacey","Bulldog","M","0","1","1","2005-02-13","103"
"0","Paris","Irish Wolfhound","F","0","1","1","2010-01-12","128"
"0","Kurtis","Shih Tzu","M","0","1","1","2004-05-21","26"
"0","Brandyn","Bernese Mountain Dog","M","1","0","1","2013-07-25","67"
"0","Savion","Boxers","F","1","0","1","2017-01-15","125"
"0","Janessa","Alaskan Malamute","M","1","0","0","2007-12-15","126"
"0","Zoey","Huskie","F","1","1","0","2016-01-22","106"
"0","Effie","Rottweiler","F","0","0","0","2013-12-28","11"
"0","Mallie","German Shepherd","F","1","0","0","2013-10-21","13"
"0","Edmond","Australian Shepherd","M","1","1","0","2000-11-19","133"
"0","Claude","Dachshunds","F","0","0","0","2016-03-23","7"
"0","Daphnee","Irish Wolfhound","M","0","0","1","2001-09-14","121"
"0","Norris","Yorkshire Terriers","F","0","1","0","2009-06-15","56"
"0","Shaun","Border Collie","M","1","1","0","2015-12-02","38"
"0","Lee","Boxers","F","0","1","0","2001-09-23","66"
"0","Santa","Boston Terrier","M","0","1","1","2004-08-20","88"
"0","Giles","Border Collie","F","0","1","1","2013-07-01","131"
"0","Frederick","Huskie","F","0","1","0","2017-12-05","7"
"0","Dante","Boston Terrier","F","1","0","0","2010-07-04","59"
"0","Ayla","Labrador","F","0","0","0","2006-01-06","8"
"0","Katelynn","Golden Retriever","M","0","0","1","2006-09-12","129"
"0","Georgianna","Boston Terrier","M","0","1","0","2005-11-11","94"
"0","Dean","Boxers","M","1","1","1","2000-01-27","20"
"0","Coleman","Beagle","F","0","1","1","2001-02-07","82"
"0","Jada","Afghan","M","0","1","1","2004-06-27","133"
"0","Sophia","Australian Shepherd","F","1","1","1","2001-05-26","125"
"0","Catharine","Doberman Pinscher","F","0","0","0","2017-01-03","114"
"0","Mabel","Corgi","F","1","0","0","2001-05-02","30"
"0","Nyah","Border Collie","F","0","0","1","2001-10-05","90"
"0","Vaughn","Great Dane","M","1","0","1","2013-03-10","73"
"0","Emmet","Afghan","M","0","0","0","2001-05-21","70"
"0","Nella","Corgi","F","0","0","0","2000-05-26","114"
"0","Cristina","Doberman Pinscher","F","1","0","1","2006-11-02","70"
"0","Arthur","Huskie","M","0","0","0","2016-08-20","123"
"0","Orion","Afghan","F","0","1","1","2006-02-19","88"
"0","Robyn","Mastiff","F","1","1","1","2001-07-21","50"
"0","Lourdes","Australian Shepherd","F","1","1","0","2006-10-16","23"
"0","Justen","Boxers","M","1","0","1","2016-07-12","128"
"0","Brady","Shih Tzu","M","1","0","0","2015-12-26","118"
"0","Rowena","Bernese Mountain Dog","F","1","0","1","2017-12-19","20"
"0","Deon","Irish Wolfhound","F","0","1","0","2015-03-20","34"
"0","Fritz","Alaskan Malamute","F","0","0","1","2012-06-16","78"
"0","Jerrold","Boston Terrier","M","0","1","1","2001-07-11","5"
"0","Gillian","Australian Shepherd","F","1","0","1","2002-08-11","66"
"0","Desmond","Border Collie","F","1","1","1","2017-06-23","118"
"0","Ima","Irish Wolfhound","F","0","0","0","2000-02-21","34"
"0","Stacey","Shih Tzu","M","1","1","1","2009-08-18","76"
"0","Tomasa","Labrador","M","1","0","1","2013-12-10","106"
"0","Adrain","Pug","F","0","0","0","2010-03-11","84"
"0","Otha","Shih Tzu","M","0","0","0","2006-01-15","57"
"0","Michaela","Dachshunds","F","0","0","1","2017-02-07","86"
"0","Retta","Labrador","F","1","1","1","2008-03-15","64"
"0","Wilber","Border Collie","M","1","0","0","2002-04-14","17"
"0","Asa","Afghan","F","1","1","1","2005-09-05","41"
"0","Camylle","Cavalier King Charles Spaniel","F","1","1","1","2007-06-21","47"
"0","Madisyn","Australian Shepherd","F","0","1","0","2004-08-04","133"
"0","Macey","Great Dane","F","0","1","0","2005-12-23","23"
"0","Elda","Mastiff","M","1","1","1","2006-04-24","35"
"0","Paige","Bernese Mountain Dog","M","1","1","0","2000-12-28","78"
"0","Darrell","Golden Retriever","M","0","0","0","2010-12-26","59"
"0","Margie","Cavalier King Charles Spaniel","F","1","1","0","2000-02-14","110"
"0","Alexandra","Rottweiler","M","1","0","0","2003-03-05","102"
"0","Walton","Boston Terrier","F","1","1","1","2005-01-06","124"
"0","Makayla","Huskie","F","0","0","0","2014-08-14","86"
"0","Glenda","Cavalier King Charles Spaniel","M","0","0","1","2013-02-25","55"
"0","Allan","Yorkshire Terriers","M","0","0","1","2004-10-11","36"
"0","Vivien","Labrador","M","1","1","0","2006-03-09","112"
"0","Danyka","Dalmatian","F","0","1","0","2001-05-09","76"
"0","Madge","Dachshunds","F","0","1","1","2012-09-23","40"
"0","Dallin","Corgi","F","1","1","0","2013-10-23","29"
"0","Derick","Poodle","F","1","0","1","2011-03-20","108"
"0","Macy","Bulldog","F","1","1","0","2009-12-22","84"
"0","Katlyn","German Shepherd","M","0","1","0","2001-04-26","132"
"0","Andres","Cavalier King Charles Spaniel","M","1","1","0","2005-12-14","98"
"0","Marco","Alaskan Malamute","F","0","0","1","2004-07-16","119"
"0","Lura","Bernese Mountain Dog","M","1","1","1","2005-07-28","72"
"0","Ignacio","Huskie","F","1","0","0","2005-07-04","106"
"0","Jaqueline","Poodle","F","0","0","0","2015-09-08","110"
"0","Grady","Yorkshire Terriers","F","1","1","0","2008-08-09","127"
"0","Greyson","Beagle","F","1","1","1","2016-06-21","52"
"0","Alia","Afghan","F","1","0","0","2003-04-23","23"
"0","Jamie","Afghan","M","0","0","1","2007-01-18","31"
"0","Selmer","Mastiff","M","0","0","1","2014-10-02","8"
"0","Seth","Australian Shepherd","M","1","0","1","2014-01-22","7"
"0","Cecelia","Border Collie","F","0","0","1","2015-05-25","92"
"0","Drake","Irish Wolfhound","F","0","0","0","2010-11-09","55"
"0","Scarlett","Boxers","M","1","0","1","2000-02-08","33"
"0","Della","Yorkshire Terriers","F","1","0","1","2005-09-19","114"
"0","Damien","Golden Retriever","F","1","0","1","2015-04-16","120"
"0","Ambrose","Bernese Mountain Dog","F","1","0","0","2008-04-12","76"
"0","Niko","German Shepherd","M","0","1","1","2013-07-02","125"
"0","Casandra","Yorkshire Terriers","F","1","0","1","2015-05-27","105"
"0","Asa","Huskie","F","1","1","1","2012-01-01","98"
"0","Vivianne","Pug","F","0","1","0","2008-03-11","113"
"0","Wyman","Irish Wolfhound","F","0","1","1","2004-03-05","110"
"0","Lamar","Great Dane","M","0","0","1","2006-04-27","8"
"0","Junior","Mastiff","M","0","1","1","2007-09-08","52"
"0","Desiree","Huskie","M","0","1","0","2005-04-21","71"
"0","Stuart","Pug","M","1","0","1","2008-09-09","101"
"0","Tre","Irish Wolfhound","M","0","0","1","2017-09-14","50"
"0","Demond","Afghan","M","1","0","1","2004-08-12","83"
"0","Matilde","Beagle","M","1","1","1","2016-05-16","56"
"0","Virgil","Boston Terrier","M","1","0","1","2006-04-12","74"
"0","Chance","Afghan","M","0","0","0","2008-04-13","21"
"0","Barry","Dachshunds","F","0","0","0","2004-02-24","69"
"0","Zack","Border Collie","F","1","0","0","2009-12-19","116"
"0","Rosella","Corgi","F","1","0","1","2016-09-25","26"
"0","Kianna","Beagle","M","0","0","0","2010-03-25","59"
"0","Ramiro","Dalmatian","M","1","0","1","2016-06-08","115"
"0","Raina","Cavalier King Charles Spaniel","M","0","1","1","2008-11-14","87"
"0","German","Labrador","M","0","1","1","2009-03-26","111"
"0","Alexie","Dalmatian","M","1","1","0","2009-07-21","14"
"0","Lurline","Shih Tzu","M","1","1","1","2012-04-08","109"
"0","Liliane","Boxers","F","0","0","1","2005-05-23","96"
"0","Willie","Bulldog","M","1","1","1","2000-05-24","84"
"0","Willy","German Shepherd","M","1","0","1","2009-03-10","76"
"0","Larue","Labrador","F","0","0","1","2013-10-16","133"
"0","Jerrell","Australian Shepherd","M","0","1","0","2001-03-03","121"
"0","Elsa","Golden Retriever","F","0","1","1","2014-01-17","18"
"0","Alejandrin","Golden Retriever","M","1","0","0","2016-07-14","32"
"0","Carmen","Cavalier King Charles Spaniel","M","1","1","1","2004-02-01","130"
"0","Cheyenne","Irish Wolfhound","M","0","0","0","2013-07-10","35"
"0","Estelle","Huskie","F","1","1","1","2010-01-23","20"
"0","Keeley","Irish Wolfhound","M","1","0","0","2014-01-02","36"
"0","Keshawn","Irish Wolfhound","M","0","1","0","2014-05-19","35"
"0","Kurtis","Pug","M","0","0","0","2003-01-11","21"
"0","Paris","Labrador","M","0","0","0","2014-08-17","94"
"0","Lavern","Shih Tzu","F","0","0","1","2015-07-09","130"
"0","Joy","Beagle","M","0","1","0","2016-11-19","71"
"0","Wilfred","German Shepherd","F","0","1","0","2001-06-20","68"
"0","Elnora","Boxers","M","0","1","0","2008-11-11","133"
"0","Rudy","Labrador","M","0","1","1","2001-12-14","21"
"0","Theodore","Doberman Pinscher","M","0","1","1","2007-10-08","126"
"0","Abel","Beagle","M","1","1","0","2009-06-05","81"
"0","Kaden","Afghan","F","0","0","1","2005-09-10","76"
"0","Dina","Dachshunds","M","1","1","0","2010-02-09","19"
"0","Diamond","Bernese Mountain Dog","M","1","0","1","2016-08-01","36"
"0","Maiya","Afghan","F","1","0","0","2017-05-02","58"
"0","Kayden","Bulldog","F","1","0","0","2012-05-15","99"
"0","Olga","Poodle","M","1","1","1","2017-06-05","104"
"0","Assunta","Poodle","F","0","0","0","2010-08-11","14"
"0","Adrianna","Golden Retriever","F","0","0","1","2012-07-25","86"
"0","Jamarcus","Huskie","M","1","0","0","2016-09-27","127"
"0","Anne","Great Dane","M","0","1","0","2016-09-16","95"
"0","Isaac","Golden Retriever","M","0","0","0","2012-09-16","14"
"0","Margaretta","Golden Retriever","F","0","0","1","2014-07-15","97"
"0","Ceasar","Pug","M","1","1","0","2015-12-14","106"
"0","Evie","Huskie","M","0","0","0","2002-02-19","9"
"0","Abbey","Afghan","F","0","0","1","2004-08-21","99"
"0","Tony","Yorkshire Terriers","F","1","0","1","2008-10-24","63"
"0","Jordyn","Golden Retriever","F","0","0","0","2005-08-26","45"
"0","Wava","Boston Terrier","M","0","1","0","2011-09-08","108"
"0","Lexie","Cavalier King Charles Spaniel","M","0","0","1","2004-12-12","94"
"0","Madisen","Bernese Mountain Dog","F","1","1","1","2004-11-01","85"
"0","Blanche","Bernese Mountain Dog","M","1","0","0","2015-10-12","128"
"0","Henry","Poodle","M","0","1","0","2004-09-06","92"
"0","Gonzalo","Dalmatian","M","1","0","0","2017-02-21","88"
"0","Esta","Bernese Mountain Dog","F","0","1","0","2003-05-28","106"
"0","Fletcher","Shih Tzu","M","1","1","1","2011-03-22","114"
"0","Grady","Rottweiler","M","1","1","0","2017-06-08","46"
"0","Gunner","Huskie","F","1","1","0","2000-03-16","36"
"0","Valerie","Beagle","F","0","0","1","2004-11-21","63"
"0","Jerel","Golden Retriever","F","0","0","1","2001-07-07","78"
"0","Casey","Cavalier King Charles Spaniel","M","0","0","0","2004-04-22","24"
"0","Jaclyn","Boston Terrier","M","1","1","1","2002-08-03","10"
"0","Bruce","Labrador","F","0","0","0","2010-03-19","23"
"0","Stacey","Bernese Mountain Dog","M","1","0","1","2008-09-05","125"
"0","Khalil","Boston Terrier","F","1","0","1","2003-11-02","72"
"0","Adeline","Irish Wolfhound","F","0","0","0","2003-03-10","111"
"0","Gavin","Mastiff","M","1","0","1","2010-11-03","105"
"0","Hellen","Boston Terrier","F","1","1","1","2011-01-22","97"
"0","Karli","Dachshunds","F","0","0","1","2006-06-10","72"
"0","Ludwig","Huskie","F","0","1","0","2013-03-15","98"
"0","Amelie","Boxers","F","0","1","0","2005-05-14","89"
"0","Kacie","Golden Retriever","M","0","0","1","2017-05-11","69"
"0","Marcel","Boxers","M","0","1","1","2007-10-17","40"
"0","Ivory","Bulldog","F","0","1","0","2001-06-15","65"
"0","Edwina","Yorkshire Terriers","F","1","0","1","2013-04-27","125"
"0","Nickolas","Irish Wolfhound","F","1","0","0","2011-11-17","134"
"0","Pat","Yorkshire Terriers","F","1","1","1","2013-05-19","63"
"0","Gabriel","Rottweiler","M","0","0","1","2014-10-24","73"
"0","Moises","Cavalier King Charles Spaniel","F","0","1","0","2003-01-08","104"
"0","Keegan","Beagle","F","1","0","0","2005-10-18","87"
"0","Milo","Bulldog","M","1","0","0","2012-05-06","41"
"0","Vivienne","Pug","F","0","1","1","2011-01-16","85"
"0","Ransom","Border Collie","M","0","0","0","2010-12-25","73"
"0","Marley","Dachshunds","M","1","0","0","2012-05-17","19"
"0","Granville","Bernese Mountain Dog","M","1","0","0","2006-11-26","35"
"0","Lesley","Boxers","F","1","1","0","2005-11-14","59"
"0","Queen","Doberman Pinscher","F","0","0","1","2011-03-09","79"
"0","Leonard","Pug","F","1","1","0","2001-02-17","74"
"0","Lacey","Boston Terrier","F","0","0","1","2017-03-05","30"
"0","Cynthia","Cavalier King Charles Spaniel","F","0","0","0","2000-05-11","26"
"0","Alanna","Yorkshire Terriers","F","1","0","0","2013-08-14","79"
"0","Enrico","Shih Tzu","M","1","0","0","2002-11-01","132"
"0","Opal","Australian Shepherd","M","0","1","0","2002-12-12","53"
"0","Karen","Cavalier King Charles Spaniel","F","0","1","1","2010-09-19","25"
"0","Annabell","Dalmatian","F","1","0","0","2005-04-09","6"
"0","Clint","Bernese Mountain Dog","M","1","1","0","2012-05-21","10"
"0","Abner","Great Dane","F","1","0","0","2000-08-18","50"
"0","Sanford","Alaskan Malamute","M","0","1","1","2006-09-21","103"
"0","Josianne","Irish Wolfhound","F","0","1","0","2007-11-08","34"
"0","Paula","Cavalier King Charles Spaniel","M","0","0","1","2012-09-07","37"
"0","Naomi","Afghan","F","1","0","0","2010-08-27","122"
"0","Ewald","Labrador","F","1","0","0","2001-04-24","118"
"0","Trenton","Australian Shepherd","F","1","0","1","2006-05-24","34"
"0","Ben","Australian Shepherd","F","0","0","0","2013-09-05","16"
"0","Hector","Dachshunds","F","1","1","0","2015-03-05","33"
"0","Irwin","Poodle","M","1","1","0","2006-09-08","125"
"0","Kasandra","Shih Tzu","M","1","0","1","2003-11-06","5"
"0","Melba","Great Dane","M","1","0","1","2017-08-20","41"
"0","Erin","Poodle","F","1","0","1","2017-08-25","6"
"0","Candelario","Bulldog","F","0","0","1","2007-04-27","10"
"0","Jeromy","Corgi","F","1","1","1","2014-02-22","124"
"0","Nicholaus","Boston Terrier","M","0","1","0","2016-03-25","82"
"0","Kaela","Mastiff","F","1","1","1","2017-12-03","84"
"0","Jaren","Great Dane","F","0","0","1","2004-07-09","87"
"0","Howard","Doberman Pinscher","F","0","1","0","2002-01-21","45"
"0","Ismael","Cavalier King Charles Spaniel","F","1","1","1","2005-11-23","120"
"0","Aliya","Beagle","F","1","0","1","2007-06-20","59"
"0","Mara","Australian Shepherd","M","1","1","0","2008-07-17","105"
"0","Ryleigh","Dachshunds","M","0","1","0","2012-09-18","123"
"0","Marilyne","Cavalier King Charles Spaniel","M","1","1","0","2017-08-24","95"
"0","Francisco","Border Collie","F","1","0","0","2014-05-07","112"
"0","Waino","Great Dane","F","1","1","0","2015-06-14","49"
"0","Lavern","Doberman Pinscher","F","0","0","1","2011-11-20","11"
"0","Abagail","Yorkshire Terriers","M","0","0","1","2000-05-02","19"
"0","Thea","Cavalier King Charles Spaniel","M","1","0","0","2011-09-26","41"
"0","Mauricio","Alaskan Malamute","F","1","1","1","2012-01-06","11"
"0","Shania","Yorkshire Terriers","F","1","0","0","2002-10-19","128"
"0","Dedric","Golden Retriever","F","1","0","1","2012-06-09","124"
"0","Vladimir","Huskie","M","0","0","0","2000-10-06","51"
"0","Mckayla","Huskie","F","0","0","1","2015-02-08","85"
"0","Jasper","German Shepherd","F","0","1","0","2016-12-19","126"
"0","Jaycee","Bernese Mountain Dog","M","1","1","0","2011-07-08","55"
"0","Devon","Doberman Pinscher","M","1","0","1","2010-09-01","93"
"0","Valentina","Dachshunds","M","0","1","0","2016-02-24","11"
"0","Reta","Labrador","M","1","1","1","2007-07-03","33"
"0","Janelle","Doberman Pinscher","F","0","0","1","2002-03-06","70"
"0","Nakia","Afghan","M","1","0","1","2010-12-01","103"
"0","Erna","Golden Retriever","F","1","1","1","2011-04-20","85"
"0","Florine","Australian Shepherd","M","0","0","0","2012-07-24","25"
"0","Janice","Shih Tzu","F","1","1","0","2000-12-25","7"
"0","Hosea","Rottweiler","F","1","1","0","2001-12-19","95"
"0","Claude","Afghan","M","1","0","1","2007-12-19","49"
"0","Jaime","Cavalier King Charles Spaniel","F","1","1","1","2001-11-06","109"
"0","Nels","Poodle","M","0","1","1","2017-04-14","79"
"0","Reece","Dachshunds","F","1","1","0","2015-11-04","41"
"0","Keagan","Corgi","F","1","1","1","2012-02-12","29"
"0","Joannie","Bernese Mountain Dog","F","1","0","1","2014-08-22","101"
"0","Brendan","Beagle","F","1","1","0","2006-03-14","70"
"0","Leone","Doberman Pinscher","F","0","0","0","2003-03-13","116"
"0","Magnus","Border Collie","F","0","0","1","2004-03-03","28"
"0","Kiley","Great Dane","F","1","0","1","2013-06-18","49"
"0","Icie","Boston Terrier","F","1","0","0","2017-04-13","90"
"0","Yasmeen","Mastiff","F","0","1","0","2002-04-13","18"
"0","Diego","Dalmatian","M","1","1","0","2001-01-03","61"
"0","Damion","Huskie","F","1","0","1","2005-03-21","121"
"0","Janelle","Bernese Mountain Dog","F","0","1","1","2014-12-18","101"
"0","Lucinda","Dachshunds","F","0","0","1","2007-04-18","6"
"0","Juana","Dalmatian","F","0","0","1","2006-09-13","103"
"0","Rhea","Boxers","F","1","1","0","2009-10-02","18"
"0","Bella","Rottweiler","F","0","1","1","2014-04-16","79"
"0","Oda","Boston Terrier","F","1","0","0","2014-11-15","88"
"0","Ryann","Great Dane","M","1","1","1","2011-11-12","21"
"0","Marjolaine","Corgi","M","0","1","1","2015-12-11","80"
"0","Katrine","Labrador","M","1","1","1","2010-06-28","15"
"0","Assunta","Border Collie","F","0","1","0","2002-04-03","82"
"0","Kenton","Shih Tzu","F","1","1","1","2015-01-11","69"
"0","Christiana","Bernese Mountain Dog","M","1","1","0","2005-10-15","46"
"0","Idella","Australian Shepherd","F","1","0","0","2012-12-28","133"
"0","Ulises","Border Collie","F","1","1","1","2015-05-07","132"
"0","Miguel","Beagle","M","1","0","1","2016-04-15","39"
"0","Bret","Golden Retriever","M","1","0","1","2001-04-06","66"
"0","Hilma","Bernese Mountain Dog","M","0","1","1","2003-02-13","127"
"0","Rhianna","Border Collie","F","1","0","0","2009-08-22","12"
"0","Theron","Bulldog","F","0","1","1","2008-07-18","105"
"0","Maymie","Irish Wolfhound","M","0","0","1","2002-06-21","119"
"0","Alivia","Mastiff","F","0","0","1","2003-10-25","60"
"0","Candido","Border Collie","M","1","0","1","2011-01-12","74"
"0","Gennaro","Shih Tzu","F","0","0","0","2001-01-27","33"
"0","Tianna","Boston Terrier","F","0","1","1","2015-07-26","66"
"0","Ramiro","Bulldog","F","1","1","1","2013-02-09","96"
"0","Wilton","Dachshunds","M","1","1","1","2007-10-10","55"
"0","Arthur","Australian Shepherd","F","1","0","0","2004-06-26","76"
"0","Vito","German Shepherd","M","0","1","0","2013-06-28","123"
"0","Gonzalo","Golden Retriever","M","1","0","0","2001-09-25","16"
"0","Herman","Afghan","M","1","0","1","2012-03-25","76"
"0","Elvera","Cavalier King Charles Spaniel","M","1","1","0","2013-12-16","15"
"0","Patience","Labrador","M","1","0","1","2012-12-01","43"
"0","Asia","Beagle","M","0","1","0","2017-06-13","100"
"0","Loma","Shih Tzu","F","1","0","0","2004-02-13","18"
"0","Laron","Golden Retriever","F","0","0","1","2006-04-12","20"
"0","Webster","Dalmatian","F","1","0","1","2013-07-24","71"
"0","Jordy","Yorkshire Terriers","M","0","0","0","2017-09-17","31"
"0","Francisco","Border Collie","F","1","1","0","2012-11-22","8"
"0","Oleta","Irish Wolfhound","M","1","1","1","2007-12-15","10"
"0","Hillard","Golden Retriever","F","1","1","1","2002-03-02","87"
"0","Madyson","Bernese Mountain Dog","M","0","1","0","2013-12-23","101"
"0","Dana","Doberman Pinscher","F","0","0","0","2014-03-24","91"
"0","Dana","Labrador","M","1","1","0","2015-12-19","5"
"0","Zander","Bernese Mountain Dog","F","0","0","1","2007-06-06","115"
"0","Alejandra","Poodle","F","1","0","0","2013-02-15","7"
"0","Jennyfer","Beagle","M","1","1","1","2015-08-06","134"
"0","Austen","Poodle","M","0","0","1","2004-01-28","29"
"0","Paolo","Mastiff","F","0","0","0","2001-01-04","124"
"0","Providenci","Alaskan Malamute","F","0","0","0","2000-02-04","12"
"0","Lila","Huskie","M","1","0","1","2011-10-08","86"
"0","Jordy","Huskie","F","0","1","0","2014-11-27","17"
"0","Trudie","Huskie","M","0","0","1","2011-08-28","83"
"0","Tobin","Doberman Pinscher","M","1","0","1","2012-04-16","79"
"0","Tremaine","Alaskan Malamute","M","1","1","1","2003-12-26","133"
"0","Annette","Beagle","F","1","1","0","2014-04-01","31"
"0","Jacquelyn","Corgi","F","1","0","1","2008-07-22","129"
"0","Schuyler","Corgi","F","1","0","1","2006-02-14","68"
"0","Golden","Great Dane","M","1","1","0","2012-02-16","30"
"0","Margarete","German Shepherd","F","1","0","1","2016-02-16","60"
"0","Diana","Mastiff","F","1","1","1","2002-02-26","112"
"0","Eden","Beagle","F","0","1","0","2000-05-22","28"
"0","Sandy","Dalmatian","F","1","1","1","2002-12-18","127"
"0","Madilyn","Afghan","M","1","0","0","2014-11-07","101"
"0","Cristian","Australian Shepherd","F","1","0","0","2003-10-22","65"
"0","Roberto","Bulldog","F","1","1","0","2005-05-04","52"
"0","Carol","Huskie","M","0","1","1","2008-06-03","10"
"0","Rodrigo","Dachshunds","F","1","0","1","2003-05-02","99"
"0","Annabel","Golden Retriever","M","0","0","0","2016-12-16","25"
"0","Luz","Rottweiler","F","1","1","0","2017-11-15","45"
"0","Rossie","Doberman Pinscher","F","0","0","0","2013-06-18","40"
"0","Kelli","Dalmatian","M","0","1","1","2016-01-08","26"
"0","Garth","Cavalier King Charles Spaniel","M","1","1","1","2003-07-25","65"
"0","Enrico","German Shepherd","F","1","1","0","2013-04-26","89"
"0","Tod","Mastiff","F","1","0","1","2013-02-12","109"
"0","Cordie","Yorkshire Terriers","F","1","0","1","2010-01-01","45"
"0","Armand","German Shepherd","F","0","1","0","2011-12-10","101"
"0","Calista","Bernese Mountain Dog","F","0","0","1","2007-10-26","67"
"0","Tre","German Shepherd","M","1","0","1","2008-04-24","46"
"0","Adolfo","Great Dane","F","1","1","1","2001-04-04","10"
"0","Lindsay","Golden Retriever","F","0","0","0","2015-01-27","116"
"0","Hermina","Mastiff","F","0","1","1","2016-05-12","73"
"0","Della","Yorkshire Terriers","M","1","0","0","2000-09-16","9"
"0","Aileen","Labrador","M","1","1","1","2012-12-20","111"
"0","Precious","Mastiff","M","0","0","0","2017-03-22","59"
"0","Jerrell","Mastiff","F","1","1","0","2017-02-14","111"
"0","Hassan","Mastiff","M","1","0","0","2008-02-03","17"
"0","Erich","Beagle","F","0","0","1","2017-07-10","133"
"0","Danyka","Border Collie","F","1","0","0","2015-07-05","89"
"0","Lucienne","Dachshunds","F","1","1","0","2014-06-28","96"
"0","Shaina","Border Collie","F","0","1","1","2004-01-27","107"
"0","Nyasia","Dalmatian","F","0","1","0","2014-09-14","60"
"0","Liza","Mastiff","F","0","1","0","2004-10-27","91"
"0","Nathan","Dachshunds","M","1","0","1","2010-02-12","39"
"0","Gregory","Border Collie","M","0","1","1","2002-05-22","96"
"0","Summer","Corgi","M","0","0","0","2012-08-09","11"
"0","Maribel","Beagle","F","1","0","0","2016-02-07","83"
"0","Amara","Alaskan Malamute","F","1","1","0","2008-04-04","84"
"0","Milford","Labrador","F","0","1","1","2005-05-02","50"
"0","Salma","Labrador","M","0","1","0","2014-02-17","76"
"0","Edyth","Australian Shepherd","F","0","0","0","2017-06-25","101"
"0","Name","Dachshunds","F","1","0","1","2014-01-11","7"
"0","Velma","Dachshunds","M","0","0","1","2008-08-27","42"
"0","Ryan","Poodle","F","1","1","0","2011-11-09","75"
"0","August","Beagle","F","0","0","1","2004-03-27","36"
"0","Stuart","Boston Terrier","M","0","0","1","2007-10-14","48"
"0","Adrain","Huskie","F","1","1","0","2011-09-06","126"
"0","Christopher","Shih Tzu","F","1","1","0","2003-08-08","124"
"0","Verner","Cavalier King Charles Spaniel","M","0","1","1","2005-05-21","132"
"0","Laura","German Shepherd","M","0","1","1","2004-03-04","76"
"0","Marjorie","Bernese Mountain Dog","M","0","0","1","2012-06-28","49"
"0","Mallory","Boston Terrier","M","1","0","0","2016-07-02","78"
"0","Favian","Mastiff","M","0","1","0","2012-03-07","71"
"0","Ford","Dachshunds","M","1","1","0","2009-03-13","44"
"0","Mossie","Border Collie","M","1","1","1","2012-01-18","121"
"0","Mikayla","Boston Terrier","F","0","1","0","2010-12-04","107"
"0","Earl","Irish Wolfhound","M","1","0","1","2008-05-21","92"
"0","Loma","Golden Retriever","F","0","0","1","2015-07-10","133"
"0","Trisha","Golden Retriever","M","1","1","0","2008-03-01","133"
"0","Rozella","Doberman Pinscher","M","0","1","1","2008-09-25","128"
"0","Syble","Pug","M","0","0","1","2003-11-13","28"
"0","Cletus","Beagle","M","1","1","0","2003-04-20","84"
"0","Ali","Rottweiler","F","0","0","1","2015-10-22","123"
"0","Jessyca","Shih Tzu","M","1","0","0","2006-09-09","68"
"0","Kaylie","Alaskan Malamute","M","1","0","1","2017-07-04","26"
"0","Fern","Bernese Mountain Dog","F","0","0","1","2006-06-04","49"
"0","Wava","Shih Tzu","F","1","0","0","2006-09-26","17"
"0","Rae","Shih Tzu","M","0","1","0","2012-07-04","57"
"0","Aida","German Shepherd","F","1","0","0","2011-09-14","31"
"0","Ashlee","Australian Shepherd","F","1","0","0","2013-10-26","11"
"0","Tiana","Alaskan Malamute","M","0","1","1","2003-08-10","49"
"0","Martin","Irish Wolfhound","F","1","0","1","2004-08-11","66"
"0","Adella","Mastiff","M","0","1","1","2005-08-03","48"
"0","Harry","Shih Tzu","M","1","0","1","2007-04-22","109"
"0","Jaycee","Golden Retriever","M","1","0","0","2004-09-01","5"
"0","Scottie","Afghan","F","1","0","0","2017-08-05","61"
"0","Bruce","Dachshunds","F","1","1","0","2001-01-05","94"
"0","Mekhi","Poodle","F","1","0","1","2005-03-11","87"
"0","Cooper","Dalmatian","M","0","1","1","2001-09-20","62"
"0","Shea","Rottweiler","M","1","0","1","2004-02-17","124"
"0","Jana","Irish Wolfhound","F","1","1","0","2001-06-09","87"
"0","Sydnie","Bulldog","M","1","1","0","2007-07-03","95"
"0","Easton","Bulldog","F","0","1","1","2012-10-13","14"
"0","Nicolas","Afghan","M","0","1","1","2000-03-08","38"
"0","Skyla","Dalmatian","M","0","1","1","2001-05-02","6"
"0","Anika","Bulldog","M","1","1","0","2016-05-22","42"
"0","Gene","Boxers","F","1","0","0","2006-03-17","5"
"0","Heaven","Corgi","F","0","0","0","2006-04-08","102"
"0","Federico","Corgi","M","0","0","1","2001-04-09","92"
"0","Dillon","Corgi","M","1","1","0","2014-05-12","118"
"0","Ettie","Afghan","F","1","0","1","2013-10-03","44"
"0","Matilde","Huskie","F","1","1","1","2003-10-12","117"
"0","Libby","Poodle","F","1","1","0","2011-08-09","16"
"0","Jett","Mastiff","F","0","0","0","2003-06-14","44"
"0","Shad","Dalmatian","M","1","0","0","2012-04-11","107"
"0","Conor","Irish Wolfhound","F","1","0","1","2016-04-26","20"
"0","Vincenza","Golden Retriever","F","1","1","0","2017-12-16","84"
"0","Zula","German Shepherd","M","1","1","0","2005-03-10","43"
"0","Sam","Poodle","M","1","1","0","2016-09-23","50"
"0","Melyna","Rottweiler","M","1","0","0","2012-08-25","5"
"0","Anne","Golden Retriever","F","0","0","0","2013-09-25","41"
"0","Adonis","Afghan","F","1","0","0","2013-07-28","59"
"0","Lauren","Border Collie","M","0","1","1","2007-04-08","133"
"0","Jaydon","Golden Retriever","F","1","0","1","2008-12-03","24"
"0","Jillian","Labrador","M","0","0","1","2012-08-08","44"
"0","Faustino","Mastiff","M","0","1","0","2003-06-24","69"
"0","Kathleen","Shih Tzu","F","1","0","0","2005-02-18","61"
"0","Jena","Beagle","F","0","1","1","2012-12-03","133"
"0","Catalina","Huskie","F","1","1","1","2014-03-06","24"
"0","Jan","Rottweiler","F","0","0","0","2004-03-08","93"
"0","Stuart","Dalmatian","M","0","0","0","2005-08-13","80"
"0","Patricia","Australian Shepherd","M","1","1","1","2016-02-13","123"
"0","Keagan","Rottweiler","F","0","1","0","2002-07-14","100"
"0","Carmelo","Yorkshire Terriers","F","1","1","0","2003-09-13","28"
"0","Evalyn","Bernese Mountain Dog","F","0","0","0","2000-08-19","66"
"0","Louie","Alaskan Malamute","F","0","0","1","2001-06-16","35"
"0","Reid","Shih Tzu","M","0","0","1","2001-03-01","6"
"0","Brielle","Corgi","F","1","1","0","2009-05-06","96"
"0","Justen","Dalmatian","M","1","1","0","2010-09-10","76"
"0","Raoul","Pug","F","0","1","0","2006-03-27","44"
"0","Elissa","Irish Wolfhound","M","0","0","0","2003-04-06","118"
"0","Elena","Rottweiler","F","0","1","1","2011-07-22","19"
"0","Mckenna","Huskie","F","1","1","0","2006-03-01","21"
"0","Nannie","Golden Retriever","F","1","1","1","2005-09-02","113"
"0","Rubye","German Shepherd","M","0","1","0","2002-04-14","33"
"0","Violette","Labrador","F","0","0","0","2015-02-12","27"
"0","Taurean","Irish Wolfhound","M","0","1","0","2007-01-22","13"
"0","Mavis","Bernese Mountain Dog","F","1","0","0","2003-04-20","88"
"0","Vallie","Rottweiler","F","1","0","0","2006-09-06","130"
"0","Lila","Alaskan Malamute","M","0","0","0","2008-03-04","113"
"0","Marjory","Australian Shepherd","F","1","1","0","2007-05-16","96"
"0","Jazlyn","Doberman Pinscher","M","1","1","0","2000-08-23","37"
"0","Lottie","Cavalier King Charles Spaniel","F","0","0","0","2006-04-02","118"
"0","Ransom","Corgi","M","1","0","1","2002-04-16","39"
"0","Blanca","Dalmatian","M","0","1","0","2004-11-12","60"
"0","Jovan","German Shepherd","F","1","0","1","2017-08-01","105"
"0","Dimitri","Beagle","F","1","1","0","2010-09-01","130"
"0","Mitchell","German Shepherd","M","1","1","0","2007-05-09","82"
"0","Austen","Irish Wolfhound","M","1","0","1","2001-11-04","109"
"0","Nicolas","Labrador","F","0","1","0","2006-12-12","29"
"0","Jewell","Bernese Mountain Dog","M","0","0","0","2008-03-24","120"
"0","Adriel","Rottweiler","F","0","1","0","2008-09-17","44"
"0","Jedidiah","Corgi","F","1","1","0","2016-02-01","8"
"0","Jadyn","Bulldog","F","1","1","0","2001-05-13","47"
"0","Erwin","Border Collie","F","1","0","1","2012-10-16","77"
"0","Helena","Poodle","F","0","0","1","2014-03-21","19"
"0","Quincy","Cavalier King Charles Spaniel","M","0","0","0","2004-07-08","110"
"0","Margarita","Australian Shepherd","F","1","1","0","2009-11-15","17"
"0","Deion","Rottweiler","F","0","0","0","2005-03-11","132"
"0","Tommie","Bernese Mountain Dog","M","1","1","1","2001-10-09","106"
"0","Joelle","Yorkshire Terriers","M","0","0","1","2002-01-07","33"
"0","Ethan","Afghan","M","1","0","1","2012-02-10","23"
"0","Derick","Australian Shepherd","F","1","1","0","2002-01-15","52"
"0","Taya","Rottweiler","F","1","1","1","2002-01-04","106"
"0","Daniella","Labrador","M","1","1","1","2017-10-13","31"
"0","Rick","Huskie","F","1","0","0","2012-03-21","107"
"0","Jovani","Great Dane","F","0","1","1","2005-07-19","131"
"0","Barry","German Shepherd","F","1","0","1","2011-11-20","44"
"0","Jasmin","German Shepherd","M","1","1","1","2002-11-05","79"
"0","Nicolas","Bernese Mountain Dog","F","0","1","0","2001-10-21","124"
"0","Arthur","Border Collie","F","0","1","1","2008-08-27","81"
"0","Cassandra","Labrador","F","1","1","0","2000-01-12","18"
"0","Georgianna","Beagle","M","1","0","1","2015-04-08","53"
"0","Lacey","Irish Wolfhound","F","1","0","0","2003-09-26","84"
"0","Tiara","Shih Tzu","F","0","1","1","2012-02-17","47"
"0","Chad","Golden Retriever","F","0","1","1","2001-08-01","126"
"0","Arely","Mastiff","M","0","0","1","2002-01-24","52"
"0","Priscilla","Afghan","M","1","0","1","2007-01-03","50"
"0","Karolann","Pug","F","0","1","0","2017-02-15","30"
"0","Kiarra","Bernese Mountain Dog","M","0","1","0","2007-12-16","52"
"0","Joel","Irish Wolfhound","M","0","1","1","2007-06-03","80"
"0","Garth","Doberman Pinscher","M","1","1","0","2011-07-10","92"
"0","Jordane","Irish Wolfhound","F","1","0","0","2013-08-27","102"
"0","Tomas","Labrador","F","1","0","1","2017-11-15","121"
"0","Jailyn","Australian Shepherd","F","0","0","0","2007-01-19","69"
"0","Anna","Cavalier King Charles Spaniel","F","1","1","0","2001-09-25","118"
"0","Jerald","German Shepherd","F","0","0","1","2010-01-19","73"
"0","Vance","Doberman Pinscher","M","0","1","0","2015-06-15","95"
"0","Lilly","Shih Tzu","F","1","0","1","2017-10-15","87"
"0","Aaliyah","German Shepherd","M","0","1","1","2012-02-02","65"
"0","Francisco","Labrador","F","0","1","1","2001-06-03","65"
"0","Keaton","Labrador","F","0","1","0","2000-01-01","31"
"0","Korbin","Border Collie","F","0","0","0","2003-01-10","128"
"0","Cassandra","Yorkshire Terriers","F","0","0","0","2011-01-25","109"
"0","Myrna","Labrador","M","0","1","0","2015-03-22","35"
"0","Dominic","Labrador","M","1","0","1","2016-01-16","99"
"0","Shemar","Afghan","F","1","0","0","2017-08-06","51"
"0","Harvey","Corgi","M","1","1","0","2014-10-13","71"
"0","Yasmin","Alaskan Malamute","M","0","1","0","2008-07-22","109"
"0","Margarette","Dalmatian","M","0","1","0","2004-06-05","96"
"0","Viva","Alaskan Malamute","M","0","0","0","2005-09-09","85"
"0","Katharina","Rottweiler","M","1","0","1","2002-04-23","104"
"0","Anibal","Yorkshire Terriers","F","0","1","0","2017-07-15","63"
"0","Madonna","Pug","F","0","1","1","2006-03-25","11"
"0","Cheyenne","Great Dane","F","1","1","0","2009-07-07","47"
"0","Jerald","Australian Shepherd","M","0","1","0","2003-11-20","50"
"0","Reta","Pug","M","1","1","0","2008-01-15","88"
"0","Dashawn","Australian Shepherd","M","1","0","1","2004-09-07","96"
"0","Alta","Australian Shepherd","M","1","1","0","2011-08-12","66"
"0","Serenity","Poodle","F","1","1","0","2014-12-03","27"
"0","Marcus","Golden Retriever","F","0","0","1","2001-12-27","35"
"0","Sophie","Border Collie","M","0","1","0","2016-03-26","82"
"0","Oren","Alaskan Malamute","F","0","0","1","2005-10-08","108"
"0","Rosario","Border Collie","F","1","1","0","2007-12-21","29"
"0","Kelsi","Dalmatian","M","0","0","1","2011-11-05","114"
"0","Austen","Border Collie","M","1","1","1","2009-01-12","40"
"0","Carole","Poodle","M","0","1","0","2003-07-08","128"
"0","Rebeka","Irish Wolfhound","M","1","0","0","2015-04-24","129"
"0","Eldon","Boxers","F","1","0","1","2017-02-22","49"
"0","Bethany","Alaskan Malamute","F","1","1","0","2009-04-25","89"
"0","Brooke","Bulldog","M","0","1","0","2006-05-05","117"
"0","Kianna","Bulldog","M","1","1","1","2002-08-06","121"
"0","Mary","Poodle","M","1","0","1","2000-09-17","133"
"0","Sally","Boston Terrier","M","0","1","1","2013-02-16","105"
"0","Heather","Beagle","M","1","0","0","2001-10-21","67"
"0","Kaley","Bulldog","F","1","1","1","2007-10-06","86"
"0","Ansel","Mastiff","M","0","1","0","2017-11-03","38"
"0","Noe","Cavalier King Charles Spaniel","M","1","1","0","2011-04-25","117"
"0","Tressie","Corgi","M","0","0","1","2004-09-15","13"
"0","Jaycee","Labrador","M","1","1","0","2009-07-15","40"
"0","Georgianna","German Shepherd","M","0","0","1","2004-10-05","59"
"0","Mallie","Boxers","M","1","1","1","2004-10-05","120"
"0","Enrico","Corgi","F","0","0","1","2002-08-01","8"
"0","Lauretta","Bulldog","F","0","1","1","2010-11-01","108"
"0","Moshe","German Shepherd","M","1","1","0","2002-09-24","74"
"0","Parker","Dalmatian","F","1","0","1","2010-02-27","10"
"0","Samara","Dalmatian","F","1","0","0","2011-05-27","130"
"0","Hector","Rottweiler","F","0","1","1","2007-04-19","21"
"0","Leonardo","Border Collie","M","0","0","0","2009-02-12","114"
"0","Ellie","Beagle","M","1","0","0","2013-09-05","117"
"0","Alvis","Doberman Pinscher","M","1","1","0","2017-02-04","54"
"0","Eve","Bulldog","M","0","0","1","2005-01-20","18"
"0","Desiree","Corgi","F","1","1","0","2006-08-01","79"
"0","Gordon","Alaskan Malamute","F","0","0","0","2005-01-03","95"
"0","Emie","German Shepherd","M","1","0","0","2017-06-02","16"
"0","Jacynthe","Mastiff","M","0","1","1","2005-08-07","99"
"0","Gustave","Dalmatian","M","1","0","1","2003-06-06","85"
"0","Helmer","Golden Retriever","F","1","0","1","2015-08-01","40"
"0","Aracely","Golden Retriever","M","1","0","1","2007-02-03","86"
"0","Cassandre","Dalmatian","M","1","1","0","2017-11-04","46"
"0","Hillard","Boxers","F","1","1","0","2012-12-19","76"
"0","Rylee","Corgi","F","0","1","1","2015-05-28","59"
"0","Kyle","Yorkshire Terriers","F","0","1","0","2002-10-04","119"
"0","Monique","Border Collie","M","0","0","0","2013-06-18","5"
"0","Emmie","Mastiff","M","1","1","0","2016-06-07","129"
"0","Rudy","Dachshunds","M","0","1","1","2009-07-16","97"
"0","Wyman","Cavalier King Charles Spaniel","F","1","0","1","2009-11-27","17"
"0","Isadore","Great Dane","F","0","1","0","2015-09-05","32"
"0","Alycia","Afghan","F","0","0","1","2011-09-21","115"
"0","Luis","German Shepherd","F","0","1","0","2017-12-02","114"
"0","Audie","Irish Wolfhound","F","0","0","1","2016-03-03","51"
"0","Lowell","Great Dane","F","0","1","1","2007-07-13","42"
"0","Kristofer","Boston Terrier","F","0","0","1","2015-12-22","56"
"0","Al","Yorkshire Terriers","F","1","1","0","2008-07-01","91"
"0","Timmy","Labrador","F","1","0","0","2009-03-21","85"
"0","Trisha","Cavalier King Charles Spaniel","M","1","0","0","2010-03-11","9"
"0","Libby","Doberman Pinscher","F","1","0","0","2010-01-27","40"
"0","Arne","Great Dane","F","1","0","0","2016-12-22","71"
"0","Lola","Boxers","F","0","1","0","2005-09-10","134"
"0","Benton","Golden Retriever","M","1","0","0","2014-09-19","9"
"0","Easton","Bernese Mountain Dog","M","0","1","0","2000-05-17","54"
"0","Norene","Poodle","M","0","1","1","2001-05-10","112"
"0","Samara","Border Collie","M","0","0","0","2010-11-03","37"
"0","Mikel","Rottweiler","M","0","0","0","2010-03-26","112"
"0","Avis","Yorkshire Terriers","M","1","0","0","2003-09-12","97"
"0","Kieran","Great Dane","M","1","1","0","2007-05-03","77"
"0","Helene","Huskie","M","0","1","0","2001-11-20","26"
"0","Ward","Yorkshire Terriers","F","0","1","0","2005-09-03","79"
"0","Rolando","Pug","M","1","0","1","2005-06-10","48"
"0","Raegan","Dalmatian","F","0","1","0","2017-09-02","17"
"0","Carleton","Bulldog","M","0","0","1","2000-02-12","123"
"0","Maynard","Poodle","F","1","1","1","2005-08-14","63"
"0","Brandyn","Huskie","F","1","1","1","2009-01-04","73"
"0","Ambrose","Shih Tzu","M","1","1","1","2008-05-10","43"
"0","Trystan","Beagle","M","0","0","0","2000-10-09","123"
"0","Felix","Irish Wolfhound","M","0","1","0","2000-12-19","71"
"0","Brent","Border Collie","F","0","0","1","2011-08-11","74"
"0","Gerson","Irish Wolfhound","F","1","1","1","2006-10-11","6"
"0","Howell","Boston Terrier","M","1","1","1","2016-07-25","90"
"0","Roosevelt","Great Dane","F","1","1","1","2000-11-25","117"
"0","Jaiden","Labrador","M","1","0","1","2007-05-23","120"
"0","Ansel","Dalmatian","M","1","1","0","2016-05-05","123"
"0","Chesley","Dalmatian","M","1","0","1","2008-08-08","16"
"0","Roman","Boxers","F","0","1","1","2011-03-14","123"
"0","Caleigh","Great Dane","F","1","1","0","2014-12-16","50"
"0","Kaya","Boxers","F","0","1","1","2001-09-15","62"
"0","Deonte","Border Collie","M","1","0","0","2005-04-22","65"
"0","Seamus","Bulldog","M","0","0","0","2015-08-07","5"
"0","Stanton","Cavalier King Charles Spaniel","F","1","1","0","2002-10-18","71"
"0","Katheryn","Dalmatian","M","0","1","1","2015-09-17","94"
"0","Asia","Beagle","M","0","1","1","2011-02-16","5"
"0","Donnie","Yorkshire Terriers","F","0","1","1","2002-04-16","77"
"0","Thora","Corgi","F","0","1","0","2005-03-24","36"
"0","Stephany","Irish Wolfhound","M","0","0","1","2010-12-12","125"
"0","Freeman","Alaskan Malamute","F","0","0","0","2010-09-19","109"
"0","Constantin","Yorkshire Terriers","F","0","1","1","2013-11-07","37"
"0","Leone","Huskie","M","1","1","0","2005-04-04","108"
"0","Korbin","Dachshunds","M","1","1","0","2017-03-15","96"
"0","Ralph","Doberman Pinscher","F","0","1","0","2007-05-05","8"
"0","Abe","Boston Terrier","M","0","1","1","2009-04-06","132"
"0","Haylie","Dalmatian","M","0","0","1","2010-04-21","33"
