"id","name","species","sex","neutered","birthday"
"0","Rozella","Goat","M","1","2011-08-14"
"0","Haylee","Hedgehog","M","1","2001-01-07"
"0","Dalton","Siberian","M","0","2015-10-27"
"0","Makenna","Buffalo","F","1","2000-06-20"
"0","Nyah","Turtle","M","1","2001-08-07"
"0","Lue","Goldfish","M","1","2012-08-27"
"0","Mercedes","Rat","F","0","2007-05-22"
"0","Tavares","Siberian","F","1","2012-06-20"
"0","Kirsten","Bearded Dragon Lizard","F","1","2002-04-01"
"0","Okey","Chinchilla","F","1","2000-09-08"
"0","Kole","Siberian","F","0","2008-09-11"
"0","Howell","Sugar Glider","F","1","2000-07-07"
"0","Darrick","African Gray Parrot","M","0","2010-10-01"
"0","Laverne","Llama","M","1","2001-12-03"
"0","Rigoberto","Pig","M","1","2014-06-04"
"0","Khalil","Puma","M","0","2012-07-08"
"0","Lonny","Snow Owl","M","0","2007-03-21"
"0","Graciela","Bearded Dragon Lizard","M","1","2006-10-13"
"0","Dee","Alligator","F","0","2002-06-26"
"0","Grover","Python","F","1","2015-03-28"
"0","Edna","Buffalo","M","1","2017-08-17"
"0","Hardy","African Gray Parrot","F","0","2009-01-09"
"0","Janelle","Siberian","F","0","2017-01-14"
"0","Lesley","Snow Owl","F","0","2013-07-19"
"0","Mayra","Snow Owl","F","1","2000-03-26"
"0","Irwin","Hedgehog","F","1","2003-09-21"
"0","Rossie","Tarantula","M","0","2007-03-17"
"0","Jarrod","Sugar Glider","M","1","2010-12-04"
"0","Winifred","Pig","F","0","2008-12-18"
"0","Savion","Puma","F","0","2001-05-09"
"0","Aubree","Axolotl","F","0","2011-03-09"
"0","Fausto","Goat","M","1","2012-12-02"
"0","Jadyn","Alligator","M","1","2004-08-24"
"0","Hans","Alligator","M","1","2013-06-21"
"0","Nayeli","Puma","M","0","2008-03-28"
"0","Britney","Cow","F","1","2010-02-11"
"0","Lucile","Goldfish","F","1","2003-06-07"
"0","Verona","Turtle","F","0","2009-02-03"
"0","Minnie","Axolotl","M","0","2005-11-04"
"0","Tyree","Capybara","M","1","2009-01-12"
"0","Rachel","Axolotl","F","0","2001-08-08"
"0","Maxie","Snow Owl","M","0","2007-12-10"
"0","Ruthe","Chinchilla","M","0","2015-11-22"
"0","Beulah","Horse","M","0","2002-03-14"
"0","Gia","Hedgehog","F","1","2007-06-07"
"0","Katherine","Python","M","0","2009-12-15"
"0","Jovany","Horse","M","1","2013-04-21"
"0","Daniella","Pig","M","0","2000-09-10"
"0","Ericka","Mantis Shrimp","M","0","2007-12-20"
"0","Charlene","Puma","F","1","2009-12-22"
"0","Camilla","Buffalo","F","0","2006-03-16"
"0","Jillian","Sugar Glider","M","0","2014-07-12"
"0","Aurelio","Python","F","0","2004-05-06"
"0","Lea","Alligator","M","0","2012-07-23"
"0","Juvenal","Chimpanzee","M","0","2006-06-06"
"0","Benjamin","Cow","F","0","2006-08-25"
"0","Shyanne","Axolotl","F","0","2017-11-08"
"0","Cielo","Buffalo","F","0","2011-12-22"
"0","Vance","Fox","F","0","2016-05-28"
"0","Benny","Goldfish","M","0","2002-06-16"
"0","Onie","Fox","F","1","2014-05-09"
"0","River","Tarantula","F","0","2004-08-01"
"0","Angelina","Python","M","1","2004-05-21"
"0","Audreanne","Chimpanzee","M","0","2007-05-15"
"0","Lucius","Goat","M","0","2017-08-17"
"0","Jazlyn","Snow Owl","F","1","2009-06-13"
"0","Nathanael","Horse","F","0","2007-04-16"
"0","Wilhelm","Fox","F","0","2010-08-14"
"0","Zula","Horse","M","1","2011-02-20"
"0","Erik","Pig","M","1","2015-05-17"
"0","Schuyler","Python","M","1","2008-05-27"
"0","Ernie","Hedgehog","M","0","2015-05-25"
"0","Monty","Python","M","1","2014-10-22"
"0","Ida","Axolotl","F","0","2003-02-12"
"0","Reinhold","Capybara","M","1","2007-09-19"
"0","Dee","Rat","M","1","2007-01-28"
"0","Kaitlyn","Rat","M","1","2002-07-09"
"0","Cleveland","Pig","F","1","2007-04-24"
"0","Pierce","Rat","M","0","2003-03-22"
"0","Francisco","Pig","M","0","2013-01-02"
"0","Marcelino","Mantis Shrimp","M","0","2009-05-27"
"0","Nicholas","Pig","F","0","2006-06-13"
"0","Erick","Alligator","M","0","2003-09-28"
"0","Demarcus","Tiger","M","1","2007-11-11"
"0","Orlo","Cow","M","1","2000-05-28"
"0","Jarret","Python","F","1","2013-12-13"
"0","Zola","Tiger","M","0","2001-04-14"
"0","Malika","Horse","F","1","2008-11-17"
"0","Colten","Sugar Glider","M","0","2011-10-26"
"0","Eryn","Turtle","F","0","2000-01-06"
"0","Conner","Hedgehog","F","0","2009-10-07"
"0","Savannah","Tiger","F","0","2007-11-05"
"0","Eldon","African Gray Parrot","M","1","2013-11-02"
"0","Annie","Axolotl","M","1","2010-06-23"
"0","Brigitte","Capybara","F","1","2016-02-12"
"0","Dock","Tiger","M","1","2002-09-21"
"0","Magdalen","Chinchilla","F","0","2017-01-02"
"0","Candelario","Python","F","1","2011-06-03"
"0","Jerel","Rat","F","1","2007-03-02"
"0","Mara","African Gray Parrot","F","0","2012-03-03"
"0","Penelope","Goat","F","0","2015-06-27"
"0","Charles","Turtle","F","0","2001-03-03"
"0","Karina","Pig","F","1","2003-08-07"
"0","Ilene","Bearded Dragon Lizard","F","0","2015-08-21"
"0","Mariela","Alligator","M","1","2016-11-18"
"0","Karli","Buffalo","M","0","2010-10-17"
"0","Nicholas","Axolotl","F","1","2001-11-04"
"0","Neil","Bearded Dragon Lizard","F","0","2005-05-23"
"0","Lorna","Turtle","F","0","2004-03-18"
"0","Wyman","Pig","F","1","2014-09-09"
"0","Nelle","Horse","F","0","2014-06-15"
"0","Erwin","Alligator","F","1","2009-07-18"
"0","Haylie","Buffalo","M","0","2011-12-02"
"0","Lance","Sugar Glider","F","0","2007-09-01"
"0","Eva","Pig","M","1","2015-01-13"
"0","Kristina","Alligator","F","0","2003-11-11"
"0","Imani","Turtle","F","1","2010-01-21"
"0","Calista","Hedgehog","M","1","2008-05-15"
"0","Nasir","Fox","F","0","2013-08-13"
"0","Felipe","Mantis Shrimp","F","1","2015-02-28"
"0","Danny","Rat","M","0","2011-04-16"
"0","Sheridan","Chimpanzee","F","0","2010-03-12"
"0","Pearl","Turtle","F","0","2016-09-28"
"0","Cleve","Goldfish","F","1","2015-07-16"
"0","Kadin","Sugar Glider","M","0","2012-04-09"
"0","Shayna","Rat","M","1","2001-03-28"
"0","Kim","Snow Owl","M","0","2009-03-18"
"0","Juston","Fox","M","1","2000-04-11"
"0","Andrew","Fox","F","1","2005-12-25"
"0","Brycen","Llama","M","0","2011-03-14"
"0","Kieran","Sugar Glider","F","0","2014-08-21"
"0","Lorena","Horse","F","0","2008-10-09"
"0","Palma","Axolotl","F","0","2007-08-20"
"0","Tad","Puma","M","1","2004-06-13"
"0","Leola","Turtle","F","1","2012-09-05"
"0","Freddy","African Gray Parrot","M","0","2008-05-26"
"0","Petra","Hedgehog","F","1","2005-03-24"
"0","Robin","Tarantula","F","1","2011-11-01"
"0","Cleve","Python","F","0","2014-12-01"
"0","Julien","Mantis Shrimp","M","0","2007-11-11"
"0","Quinn","Buffalo","F","1","2015-11-27"
"0","Lelia","Capybara","M","0","2002-04-02"
"0","Jace","Pig","M","0","2009-08-22"
"0","Ceasar","Turtle","M","1","2004-05-04"
"0","Novella","Chinchilla","F","1","2004-04-20"
"0","Nova","Fox","F","1","2001-03-08"
"0","Madonna","Python","F","1","2010-04-03"
"0","Birdie","Rat","F","1","2002-07-14"
"0","Keanu","Alligator","M","1","2010-03-26"
"0","Elisabeth","Python","F","1","2013-01-10"
"0","Jena","Tarantula","F","0","2006-08-09"
"0","Anjali","Axolotl","F","0","2003-03-08"
"0","Caterina","Chimpanzee","M","1","2006-05-04"
"0","Jasmin","Cow","F","1","2005-06-13"
"0","Maxime","Bearded Dragon Lizard","F","1","2001-06-12"
"0","Simone","Llama","F","1","2009-08-25"
"0","Royal","African Gray Parrot","M","0","2013-08-21"
"0","Clemmie","Snow Owl","M","1","2008-12-27"
"0","Oda","Tiger","F","1","2001-09-16"
"0","Aurelio","Goat","M","1","2000-03-13"
"0","Candida","Sugar Glider","M","1","2002-07-08"
"0","Imogene","Chimpanzee","F","1","2003-05-04"
"0","Nathanael","Alligator","F","1","2011-12-16"
"0","Delia","Buffalo","F","1","2006-04-08"
"0","Einar","Alligator","F","0","2011-04-28"
"0","Tavares","Turtle","M","0","2014-10-23"
"0","Sarah","Cow","M","1","2004-03-15"
"0","Euna","Horse","F","0","2013-03-27"
"0","Monty","Capybara","F","1","2015-08-12"
"0","Paula","Bearded Dragon Lizard","M","1","2013-08-10"
"0","Jarred","Mantis Shrimp","M","0","2005-06-01"
"0","Zachary","Snow Owl","M","0","2007-01-18"
"0","Ressie","Hedgehog","F","1","2004-01-10"
"0","Roman","Goat","F","1","2013-10-24"
"0","Braeden","Tarantula","F","0","2016-10-16"
"0","Madison","Chimpanzee","M","1","2005-12-09"
"0","Casper","Capybara","F","0","2001-06-10"
"0","Desmond","Chimpanzee","F","0","2005-07-22"
"0","Laurianne","Chimpanzee","M","0","2010-04-03"
"0","Cicero","Pig","M","0","2000-01-10"
"0","Esteban","Sugar Glider","M","0","2009-08-01"
"0","Britney","Pig","M","0","2010-12-26"
"0","Teresa","Cow","M","0","2009-12-09"
"0","Vernice","Siberian","M","0","2007-11-14"
"0","Stone","Sugar Glider","F","0","2016-04-26"
"0","Hiram","Turtle","M","0","2011-09-03"
"0","Charlotte","Alligator","F","1","2010-03-19"
"0","Haleigh","Goldfish","M","0","2017-07-05"
"0","Cale","Llama","F","0","2016-09-20"
"0","Sonya","Goat","F","1","2012-07-06"
"0","Fredy","Python","M","1","2011-08-24"
"0","Sammie","Python","M","1","2002-04-10"
"0","Marietta","Tarantula","M","1","2001-11-26"
"0","Marianna","Cow","F","1","2006-08-05"
"0","Beatrice","Axolotl","M","0","2011-03-10"
"0","Margaret","Goat","F","1","2000-06-15"
"0","Rylan","Capybara","M","1","2004-07-12"
"0","Ashleigh","Turtle","F","1","2005-07-02"
"0","Lane","Hedgehog","M","0","2000-05-05"
"0","Alexzander","Bearded Dragon Lizard","F","0","2012-06-06"
"0","Arnulfo","Puma","M","1","2008-07-28"
"0","Tod","Puma","F","1","2012-06-17"
"0","Maribel","Mantis Shrimp","M","1","2005-07-07"
"0","Everett","Goat","F","0","2013-12-02"
"0","Ima","Capybara","M","0","2013-06-28"
"0","Delores","Goat","M","0","2006-04-01"
"0","Heaven","Goldfish","M","0","2008-09-13"
"0","Tanya","Axolotl","F","0","2012-04-02"
"0","Sidney","Chinchilla","F","0","2002-04-17"
"0","Rebeca","African Gray Parrot","M","1","2007-09-15"
"0","Carter","Tarantula","M","1","2002-09-16"
"0","Joy","Horse","F","0","2006-02-13"
"0","Maymie","Horse","M","1","2007-03-01"
"0","Camryn","Goat","F","1","2007-12-04"
"0","Joana","Goat","F","0","2014-11-23"
"0","Cory","Chinchilla","M","1","2012-02-09"
"0","Keyshawn","Turtle","F","0","2002-03-19"
"0","Olin","Chimpanzee","M","0","2007-11-05"
"0","Nils","Tiger","M","0","2015-09-08"
"0","Cornelius","Python","M","0","2015-07-04"
"0","Mikayla","Fox","M","0","2009-06-20"
"0","Monserrat","Puma","F","0","2010-04-01"
"0","Aylin","Hedgehog","F","1","2015-04-11"
"0","Jessika","Rat","M","0","2013-06-11"
"0","Isabel","Goat","M","0","2004-06-28"
"0","Brandon","Goat","M","0","2006-08-27"
"0","Jaquan","Hedgehog","F","1","2008-03-11"
"0","Eula","Llama","F","0","2001-08-26"
"0","Amaya","Tarantula","M","0","2012-10-16"
"0","Santos","Python","M","0","2013-12-11"
"0","Rex","Buffalo","M","1","2005-04-15"
"0","Kelli","Pig","F","1","2011-09-17"
"0","Jerad","Sugar Glider","M","0","2014-10-05"
"0","Aliza","Snow Owl","F","1","2009-06-20"
"0","Darion","Mantis Shrimp","F","0","2008-09-07"
"0","Bethany","Goat","M","1","2000-11-20"
"0","Zola","Chinchilla","M","0","2003-04-08"
"0","Alene","Alligator","M","0","2001-05-11"
"0","Sean","Puma","M","1","2006-09-05"
"0","Shyanne","Cow","F","0","2009-08-21"
"0","Roxane","Tarantula","F","0","2009-06-25"
"0","Frieda","Turtle","M","1","2003-04-10"
"0","Bertha","Rat","F","0","2012-02-20"
"0","Drake","Goldfish","M","1","2007-07-21"
"0","Ferne","Snow Owl","F","0","2003-07-03"
"0","Chesley","Goldfish","F","1","2017-11-19"
"0","Darien","Bearded Dragon Lizard","F","1","2016-01-09"
"0","Raegan","Chinchilla","M","0","2005-06-10"
"0","Nia","Fox","F","0","2003-09-05"
"0","Melody","Rat","F","1","2017-05-27"
"0","Autumn","Cow","F","1","2001-12-26"
"0","Lucile","Mantis Shrimp","M","1","2000-09-10"
"0","Blanca","Goldfish","F","1","2006-11-04"
"0","Asia","Siberian","M","0","2005-06-09"
"0","Lourdes","Chinchilla","F","0","2011-07-20"
"0","Kendra","Cow","F","0","2016-07-11"
"0","Noe","Turtle","F","1","2014-09-24"
"0","Nova","Puma","F","1","2007-06-21"
"0","Winston","Siberian","F","0","2015-03-17"
"0","Erling","Capybara","M","1","2001-12-07"
"0","Josie","Puma","M","1","2013-01-28"
"0","Carter","Goldfish","M","1","2007-09-17"
"0","Maynard","Bearded Dragon Lizard","F","0","2001-03-19"
"0","Monte","Fox","F","0","2014-04-04"
"0","Cornell","Mantis Shrimp","F","1","2012-03-13"
"0","Karen","Goat","F","0","2008-11-08"
"0","Aiden","Sugar Glider","M","0","2010-11-19"
"0","Ronaldo","Hedgehog","F","0","2008-05-23"
"0","Juanita","Bearded Dragon Lizard","F","1","2008-07-27"
"0","Kassandra","Turtle","M","0","2004-02-04"
"0","Lois","Alligator","F","0","2008-04-05"
"0","Tito","Buffalo","M","1","2006-12-14"
"0","Alexander","Horse","F","0","2005-11-22"
"0","Porter","Tarantula","M","0","2000-06-12"
"0","Elijah","Goat","M","0","2009-06-04"
"0","Jaylin","Tiger","F","0","2006-04-26"
"0","Brady","Chimpanzee","M","0","2012-10-12"
"0","Conor","Alligator","M","1","2013-02-02"
"0","Billie","Axolotl","M","0","2012-02-12"
"0","Geovanny","Goldfish","M","1","2009-05-20"
"0","Sienna","Buffalo","M","1","2009-03-02"
"0","Elias","Turtle","F","1","2015-12-09"
"0","Mia","Buffalo","M","0","2011-11-22"
"0","Jaida","Llama","M","1","2001-08-12"
"0","Kyleigh","Horse","M","0","2010-01-07"
"0","Ari","Buffalo","F","0","2010-12-02"
"0","Kevin","Rat","M","1","2010-11-14"
"0","Lukas","Snow Owl","M","0","2014-07-03"
"0","Hillard","Goat","M","0","2005-02-21"
"0","Lewis","Tiger","M","0","2000-03-17"
"0","Verda","Tarantula","F","0","2002-07-02"
"0","Barry","Goldfish","M","0","2004-04-28"
"0","Lawrence","Tarantula","F","0","2011-08-05"
"0","Jedediah","Puma","F","1","2014-07-28"
"0","Nichole","Goat","M","0","2007-01-07"
"0","Retta","Goldfish","M","1","2000-05-26"
"0","Columbus","Chinchilla","F","0","2001-11-13"
"0","Casper","Snow Owl","F","0","2006-03-10"
"0","Neil","Goat","F","1","2000-07-15"
"0","Bella","Cow","M","1","2008-07-15"
"0","Heather","Siberian","F","1","2006-03-22"
"0","Kasandra","Fox","F","0","2010-10-28"
"0","Verla","Turtle","M","1","2004-02-01"
"0","Clemens","Cow","F","1","2007-01-11"
"0","Laurel","Alligator","M","0","2015-04-16"
"0","Coy","Tarantula","F","0","2014-06-02"
"0","Creola","Snow Owl","F","0","2013-08-03"
"0","Kaia","Tiger","F","0","2013-09-12"
"0","Roger","Capybara","M","1","2012-09-23"
"0","Elsa","Fox","F","1","2011-06-08"
"0","Danielle","Puma","M","1","2015-08-17"
"0","Helmer","Hedgehog","M","1","2003-02-17"
"0","Natasha","Llama","F","1","2009-01-18"
"0","Esperanza","Buffalo","M","0","2000-10-16"
"0","Aaliyah","Goat","M","1","2007-12-02"
"0","Otha","Llama","M","0","2016-03-09"
"0","Hettie","Chinchilla","F","1","2014-04-22"
"0","Dayton","Hedgehog","F","1","2000-08-08"
"0","Cesar","Chinchilla","M","0","2014-03-25"
"0","Abelardo","Bearded Dragon Lizard","F","1","2015-07-25"
"0","Noble","Capybara","F","1","2013-08-28"
"0","Morris","Horse","M","0","2011-04-21"
"0","Jordan","Buffalo","F","0","2004-03-21"
"0","Zoie","Goldfish","M","1","2006-08-26"
"0","Kristin","Chimpanzee","F","1","2013-03-11"
"0","Alvena","Sugar Glider","M","1","2002-12-19"
"0","Clyde","Mantis Shrimp","M","0","2010-08-01"
"0","Dianna","Goldfish","M","0","2009-01-01"
"0","Elna","Mantis Shrimp","F","1","2005-03-15"
"0","Chloe","African Gray Parrot","M","1","2007-03-20"
"0","Corrine","Buffalo","F","0","2005-12-28"
"0","Layla","Llama","F","1","2010-08-13"
"0","Dovie","Alligator","F","0","2006-09-08"
"0","Agustina","Fox","F","1","2013-03-13"
"0","Isabelle","Cow","M","0","2010-04-05"
"0","Frieda","Tiger","F","0","2009-09-13"
"0","Darius","Mantis Shrimp","M","0","2001-09-16"
"0","Darrick","African Gray Parrot","M","1","2007-04-20"
"0","Abel","Rat","M","1","2015-11-23"
"0","Peggie","Capybara","M","0","2017-03-02"
"0","Julian","Mantis Shrimp","F","0","2013-06-08"
"0","Kiara","Capybara","M","0","2011-10-16"
"0","Johnny","Tarantula","F","0","2011-10-12"
"0","Libby","Sugar Glider","F","1","2017-04-08"
"0","Jayce","Hedgehog","M","0","2008-03-13"
"0","Floyd","Llama","F","0","2015-01-05"
"0","Marilie","Tarantula","M","1","2000-06-13"
"0","Jovan","Sugar Glider","M","0","2008-02-23"
"0","Kayleigh","Goat","M","0","2014-07-27"
"0","Aliya","Mantis Shrimp","M","0","2015-02-02"
"0","Brycen","Cow","F","1","2001-04-07"
"0","Ron","Mantis Shrimp","M","1","2002-02-06"
"0","Magali","Goat","M","0","2012-10-09"
"0","Orie","Chimpanzee","M","0","2005-10-18"
"0","Toni","Horse","M","1","2015-07-26"
"0","Dariana","Chinchilla","F","1","2001-03-06"
"0","Brody","Bearded Dragon Lizard","F","1","2015-11-20"
"0","Felicity","Tarantula","F","1","2014-09-18"
"0","Tavares","Goat","F","0","2016-04-05"
"0","Kacey","Rat","F","0","2006-03-09"
"0","Irving","Chinchilla","M","0","2007-04-25"
"0","Marc","Mantis Shrimp","M","1","2004-05-08"
"0","Quinton","Capybara","M","0","2009-10-11"
"0","Ana","African Gray Parrot","F","0","2013-03-23"
"0","Brando","Chinchilla","M","0","2015-02-19"
"0","Cecelia","Python","F","1","2005-12-15"
"0","Stephan","Llama","F","1","2003-10-01"
"0","Dean","Sugar Glider","F","0","2002-03-05"
"0","Sylvia","Llama","F","1","2004-07-11"
"0","Ernie","Hedgehog","M","0","2015-12-02"
"0","Pamela","Turtle","M","0","2012-10-08"
"0","Gerard","Axolotl","M","1","2012-04-20"
"0","Nathanael","Mantis Shrimp","F","0","2013-10-16"
"0","Elsa","Tarantula","F","1","2006-04-10"
"0","Marion","Tarantula","F","1","2002-09-13"
"0","Maye","Axolotl","F","0","2013-04-19"
"0","Rosamond","Buffalo","F","0","2013-07-12"
"0","Lee","Hedgehog","F","0","2015-10-05"
"0","Mercedes","Chinchilla","M","0","2010-11-25"
"0","Hope","Llama","F","0","2001-03-20"
"0","Rebecca","Buffalo","M","1","2003-08-23"
"0","Louie","Sugar Glider","M","1","2005-09-15"
"0","Tevin","Mantis Shrimp","M","1","2014-04-10"
"0","Delia","Llama","F","1","2010-01-06"
"0","Colt","Pig","M","1","2008-11-12"
"0","Carrie","Rat","F","1","2016-02-22"
"0","Wilson","Tarantula","F","0","2009-01-21"
"0","Gino","Llama","F","0","2009-04-06"
"0","Nola","African Gray Parrot","F","0","2009-12-15"
"0","Stanton","Pig","M","1","2010-12-06"
"0","Amelie","Tiger","M","1","2015-02-22"
"0","Ali","Chimpanzee","M","1","2000-05-25"
"0","Enid","Mantis Shrimp","F","0","2008-11-20"
"0","Guido","Rat","M","0","2002-04-05"
"0","Jalyn","Fox","M","1","2008-09-08"
"0","Elise","Chinchilla","M","1","2004-01-02"
"0","Stefanie","Python","M","0","2009-02-17"
"0","Lyric","Tiger","F","0","2010-05-01"
"0","Kirk","Cow","M","1","2015-05-18"
"0","Dorris","Pig","M","1","2000-10-08"
"0","Darian","Buffalo","M","1","2000-09-19"
"0","Samson","Cow","F","1","2004-06-02"
"0","Chaz","Axolotl","M","0","2004-09-11"
"0","Lenore","Bearded Dragon Lizard","F","1","2010-06-09"
"0","Emelia","Axolotl","F","1","2003-05-15"
"0","Bertrand","Cow","F","0","2015-10-14"
"0","Ella","African Gray Parrot","F","0","2006-03-27"
"0","Murl","Alligator","F","1","2012-07-24"
"0","Beryl","Mantis Shrimp","M","0","2000-12-08"
"0","Rocio","Python","F","0","2004-06-05"
"0","Lois","Puma","M","1","2008-02-22"
"0","Kayla","Alligator","M","1","2000-01-24"
"0","Magali","Fox","M","1","2000-11-25"
"0","Brook","Rat","F","1","2004-01-15"
"0","Kaylie","Goldfish","M","0","2008-08-28"
"0","Christy","Axolotl","F","0","2007-08-15"
"0","Branson","Rat","F","0","2017-07-14"
"0","Rocio","Snow Owl","M","0","2016-02-27"
"0","Keagan","Bearded Dragon Lizard","F","0","2009-05-07"
"0","Johanna","Horse","F","0","2007-01-28"
"0","Lelia","Sugar Glider","F","1","2014-10-13"
"0","Jonathon","Llama","M","0","2006-07-02"
"0","Cynthia","Fox","F","0","2008-01-09"
"0","Broderick","Mantis Shrimp","F","1","2006-12-14"
"0","Giovanni","Axolotl","M","0","2004-09-22"
"0","Estelle","Turtle","M","1","2010-10-23"
"0","Margarette","Horse","F","0","2010-05-05"
"0","Elmer","Goat","F","1","2014-10-10"
"0","Megane","Snow Owl","F","0","2006-07-25"
"0","Milton","Chinchilla","F","0","2004-06-03"
"0","Aric","Goldfish","F","1","2011-03-04"
"0","Jared","Chimpanzee","M","0","2001-03-15"
"0","Rubie","Siberian","F","0","2015-09-13"
"0","Danny","Llama","F","0","2008-06-10"
"0","Lenna","Mantis Shrimp","M","0","2011-12-25"
"0","Cecile","Tiger","M","0","2014-09-05"
"0","Hilario","Llama","M","1","2006-09-20"
"0","Korey","Cow","M","0","2004-07-14"
"0","Mathias","Goldfish","M","1","2014-09-16"
"0","Lucile","Tiger","M","1","2013-05-20"
"0","Loyce","Siberian","M","1","2009-12-19"
"0","Valentina","Llama","F","1","2013-08-18"
"0","Kennedy","Tarantula","M","0","2011-05-10"
"0","Izaiah","Tarantula","M","1","2006-04-23"
"0","Adrianna","Axolotl","M","1","2003-03-16"
"0","Arely","Python","F","0","2008-02-01"
"0","Amina","Horse","M","1","2003-11-11"
"0","Jonatan","Buffalo","M","1","2016-03-15"
"0","Wilmer","Tiger","F","0","2001-11-19"
"0","Lula","Goat","M","1","2012-01-25"
"0","Abelardo","Alligator","F","0","2007-07-26"
"0","Marcelle","Fox","M","0","2001-02-24"
"0","Benedict","African Gray Parrot","M","0","2008-02-04"
"0","Judson","Puma","F","1","2006-08-13"
"0","Nasir","Chimpanzee","M","0","2002-10-14"
"0","Caleb","Llama","F","1","2000-12-19"
"0","Stone","Buffalo","F","0","2010-03-26"
"0","Oswald","Goat","F","1","2003-07-10"
"0","Rae","Bearded Dragon Lizard","F","0","2007-04-16"
"0","Alanis","Axolotl","M","1","2008-06-02"
"0","Elias","Pig","F","1","2002-07-06"
"0","Foster","Rat","M","1","2007-03-08"
"0","Herbert","Mantis Shrimp","F","0","2012-05-14"
"0","Newell","Alligator","M","0","2010-12-25"
"0","Christopher","Chinchilla","F","0","2015-02-24"
"0","Eliseo","Hedgehog","M","1","2002-01-08"
"0","Lester","Puma","M","1","2007-09-25"
"0","Elliott","Chimpanzee","F","1","2012-07-18"
"0","Letitia","Tarantula","M","0","2013-08-20"
"0","Verona","Snow Owl","F","0","2012-10-23"
"0","Mason","Snow Owl","F","1","2008-02-01"
"0","Napoleon","Python","M","1","2017-07-21"
"0","Eldridge","Cow","F","0","2012-04-11"
"0","Roman","Horse","M","0","2010-04-22"
"0","Doris","Cow","F","1","2017-11-07"
"0","Seth","Python","M","0","2011-08-26"
"0","Everardo","Mantis Shrimp","M","1","2014-02-26"
"0","Marc","Capybara","F","1","2012-08-21"
"0","Oleta","Hedgehog","F","1","2001-04-16"
"0","Gillian","Chinchilla","F","0","2008-11-12"
"0","Emmalee","Snow Owl","M","0","2017-05-07"
"0","Judge","Horse","F","0","2016-04-04"
"0","Don","Tiger","F","1","2000-12-25"
"0","Braden","Llama","F","1","2011-12-20"
"0","Sylvester","Horse","F","0","2014-01-25"
"0","Madeline","African Gray Parrot","M","1","2012-07-26"
"0","Gillian","Buffalo","F","1","2014-02-17"
"0","Wilfrid","Horse","M","1","2004-02-22"
"0","Gabe","Pig","M","1","2003-02-16"
"0","Aurore","Tarantula","M","0","2004-01-20"
"0","Daniela","Mantis Shrimp","F","0","2012-11-19"
"0","Bridget","Goldfish","M","0","2015-10-19"
"0","Dayton","Rat","F","0","2005-10-22"
"0","Mike","Goat","F","1","2001-06-28"
"0","Sammy","Fox","F","0","2010-04-17"
"0","Layla","Mantis Shrimp","F","0","2009-04-12"
"0","Miracle","Pig","F","0","2006-12-01"
"0","Sasha","Sugar Glider","F","1","2013-10-23"
"0","Trevor","Goldfish","M","0","2015-08-18"
"0","Katherine","Axolotl","F","0","2014-01-12"
"0","Araceli","Capybara","F","0","2004-02-22"
"0","Danika","Goldfish","F","1","2017-03-11"
"0","Crystel","Horse","M","1","2003-07-15"
"0","Mattie","Horse","M","0","2002-06-23"
"0","Zoe","Tiger","F","1","2005-11-06"
"0","Alexis","Hedgehog","F","0","2011-09-26"
"0","Zakary","Cow","M","1","2013-10-21"
"0","Quinn","Snow Owl","M","1","2003-03-28"
"0","Madaline","Alligator","M","0","2009-12-17"
"0","William","Cow","F","1","2010-04-11"
"0","Aletha","Turtle","M","0","2016-01-17"
"0","Mireille","Puma","M","1","2016-05-16"
"0","Myriam","Chimpanzee","M","1","2007-12-24"
"0","Elsa","Llama","M","0","2009-01-05"
"0","Carlie","Goldfish","M","0","2009-10-28"
"0","Erwin","Buffalo","M","0","2007-12-08"
"0","Joe","Capybara","M","1","2013-06-12"
"0","Piper","Alligator","F","0","2004-02-28"
"0","Fausto","Horse","M","0","2016-04-09"
"0","Linda","Horse","F","0","2011-06-06"
"0","Chanelle","Sugar Glider","M","0","2011-11-08"
"0","Sydni","Alligator","M","0","2006-06-28"
"0","Luz","African Gray Parrot","F","0","2003-10-02"
"0","Dee","Python","M","1","2006-10-13"
"0","Zena","Hedgehog","F","1","2017-11-21"
"0","Zaria","Tiger","M","1","2006-06-13"
"0","Angelica","Goldfish","M","0","2012-06-27"
"0","Hettie","Alligator","M","0","2001-07-01"
"0","Ambrose","African Gray Parrot","M","0","2017-12-09"
"0","Wilton","Tarantula","F","0","2014-01-23"
"0","Laury","Mantis Shrimp","F","1","2000-05-16"
"0","Joaquin","Buffalo","F","0","2007-03-10"
"0","Emie","Pig","F","0","2012-02-17"
"0","Rosina","Rat","F","0","2005-04-02"
"0","River","Tarantula","M","0","2009-11-17"
"0","Zack","Hedgehog","F","0","2006-03-28"
"0","Noemi","Bearded Dragon Lizard","M","0","2010-12-21"
"0","Hellen","Rat","F","0","2014-05-02"
"0","Laury","Bearded Dragon Lizard","F","0","2009-10-08"
"0","Agustina","Capybara","F","1","2010-07-24"
"0","Unique","Chinchilla","M","0","2005-02-16"
"0","Felton","Bearded Dragon Lizard","M","0","2008-11-05"
"0","Broderick","Chinchilla","M","1","2008-04-13"
"0","Retta","Puma","M","0","2011-06-10"
"0","Minnie","Buffalo","M","0","2013-05-01"
"0","Rudolph","Tiger","F","0","2017-05-15"
"0","Hettie","Turtle","M","0","2002-05-03"
"0","Demond","Turtle","M","0","2010-07-16"
"0","Dolly","Horse","M","0","2001-09-06"
"0","Jairo","Pig","M","1","2000-05-10"
"0","Hertha","Rat","F","1","2000-07-12"
"0","Aisha","African Gray Parrot","F","0","2017-01-15"
"0","Adrain","Hedgehog","F","0","2016-10-10"
"0","Albin","Goat","M","1","2004-09-13"
"0","Wilburn","Mantis Shrimp","M","1","2005-11-21"
"0","Augusta","Chimpanzee","F","0","2017-12-11"
"0","Kenton","Buffalo","F","1","2009-04-13"
"0","Aletha","Goldfish","M","1","2017-10-28"
"0","Verlie","Siberian","F","0","2012-01-27"
"0","Caroline","Llama","M","1","2001-01-05"
"0","Larissa","Cow","M","1","2012-07-01"
"0","Joaquin","Cow","M","1","2011-06-05"
"0","Griffin","Capybara","F","1","2010-10-13"
"0","Dejah","Tarantula","M","1","2011-06-04"
"0","Frederick","Rat","F","0","2006-03-15"
"0","Olga","Horse","M","0","2012-11-28"
"0","Antonia","Pig","F","1","2007-09-20"
"0","Elenora","Hedgehog","M","0","2000-10-07"
"0","Tristin","Puma","F","0","2016-09-21"
"0","Tessie","Alligator","F","0","2001-01-15"
"0","Jordon","Alligator","M","1","2002-05-12"
"0","Abner","Horse","M","0","2002-06-10"
"0","Nathen","Capybara","F","1","2006-09-09"
"0","Terrance","Chimpanzee","F","1","2001-09-21"
"0","Oleta","Goldfish","M","0","2004-05-25"
"0","Brooks","Llama","F","1","2014-01-25"
"0","Abigale","Snow Owl","M","0","2016-09-14"
"0","Judah","Capybara","F","1","2011-09-19"
"0","Lenny","African Gray Parrot","M","1","2004-09-05"
"0","Mohammed","Python","M","1","2013-01-09"
"0","Alvera","Snow Owl","F","0","2003-02-26"
"0","Khalil","Llama","M","0","2016-02-25"
"0","Eldred","Capybara","M","0","2017-08-25"
"0","Prudence","Tiger","M","1","2002-03-22"
"0","Mathew","Python","F","0","2011-12-23"
"0","Alexane","African Gray Parrot","F","0","2008-05-17"
"0","Nicola","Sugar Glider","F","1","2015-11-23"
"0","Angie","Llama","F","0","2009-10-06"
"0","Juliet","Chinchilla","F","0","2005-09-17"
"0","Annamae","Fox","F","0","2000-04-24"
"0","Susanna","Fox","M","1","2015-06-27"
"0","Lonnie","Cow","F","0","2008-02-17"
"0","Stevie","Capybara","F","0","2012-03-10"
"0","Patsy","Turtle","M","1","2014-11-16"
"0","Opal","Rat","F","1","2007-10-13"
"0","Jaquan","Buffalo","F","0","2013-10-18"
"0","Carmine","Cow","M","1","2000-06-04"
"0","Etha","Turtle","M","1","2000-02-13"
"0","Keshawn","Chimpanzee","M","1","2003-07-05"
"0","Anya","Puma","M","0","2007-04-21"
"0","Hallie","Horse","M","1","2009-11-27"
"0","Reymundo","Axolotl","F","0","2006-02-11"
"0","Sarah","Chinchilla","M","0","2016-05-14"
"0","Hans","Siberian","F","0","2011-07-10"
"0","Margot","Sugar Glider","F","0","2016-12-28"
"0","Morton","Mantis Shrimp","M","0","2011-09-26"
"0","Darrel","Python","F","0","2013-06-03"
"0","Shea","Rat","M","0","2012-02-28"
"0","Lavon","Llama","M","1","2003-12-10"
"0","Alexander","Llama","M","1","2014-03-11"
"0","Arden","Snow Owl","M","0","2013-08-02"
"0","Colleen","Fox","F","0","2006-10-26"
"0","Trinity","Goat","M","0","2016-10-12"
"0","Kristina","Rat","M","1","2012-08-03"
"0","Katlyn","Bearded Dragon Lizard","F","0","2003-06-14"
"0","Mattie","Axolotl","M","1","2008-10-20"
"0","Alvena","Pig","F","0","2011-06-08"
"0","Rubie","Capybara","M","1","2001-02-23"
"0","Walton","Rat","M","0","2002-09-05"
"0","Madonna","Rat","F","0","2013-06-14"
"0","Josiane","Python","M","1","2014-02-16"
"0","Nicole","Turtle","M","1","2006-10-14"
"0","Jewel","Alligator","F","1","2004-05-17"
"0","Darby","Pig","M","0","2001-12-05"
"0","Watson","Horse","F","0","2009-03-19"
"0","Gladyce","Siberian","F","1","2004-01-17"
"0","Mae","Siberian","M","1","2005-02-21"
"0","Deonte","Llama","M","0","2013-04-10"
"0","Kira","Capybara","F","0","2003-02-17"
"0","Faye","Tarantula","M","0","2010-06-09"
"0","Johnson","Llama","M","0","2011-07-06"
"0","Annabel","Goldfish","M","1","2008-09-16"
"0","Florence","Turtle","F","1","2012-06-02"
"0","Elroy","Hedgehog","M","0","2016-06-03"
"0","Barrett","African Gray Parrot","M","0","2011-03-19"
"0","Thurman","Hedgehog","M","0","2006-08-02"
"0","Alfonzo","Siberian","M","1","2000-09-13"
"0","Theron","Puma","F","0","2008-04-23"
"0","Laverne","African Gray Parrot","F","1","2005-11-01"
"0","Marcus","Goldfish","F","0","2017-12-22"
"0","Keon","Fox","F","0","2012-05-11"
"0","Trey","Tarantula","M","0","2005-06-08"
"0","Carroll","Snow Owl","F","0","2016-06-24"
"0","Macie","Cow","M","1","2014-05-09"
"0","Cayla","Chimpanzee","F","1","2010-12-24"
"0","Bill","Python","F","0","2006-01-20"
"0","Christian","Python","F","0","2017-04-13"
"0","Jamie","Python","F","1","2011-05-19"
"0","Jacinthe","Python","M","1","2013-10-05"
"0","Abigale","Llama","F","0","2016-10-07"
"0","Wilford","Python","F","1","2006-01-26"
"0","Ottis","Turtle","F","1","2016-03-15"
"0","Pierre","Llama","F","0","2014-06-28"
"0","Arianna","Siberian","F","1","2008-10-05"
"0","Rita","Snow Owl","M","1","2010-06-18"
"0","Karen","Rat","F","0","2003-06-26"
"0","Miracle","Capybara","F","0","2015-03-02"
"0","Johnpaul","Goldfish","M","1","2016-07-05"
"0","Berniece","Chimpanzee","F","0","2004-10-11"
"0","Stewart","Goat","F","1","2003-02-11"
"0","Earnest","Llama","F","0","2016-02-13"
"0","Moses","Fox","F","0","2006-02-24"
"0","Marjolaine","Pig","M","0","2016-10-18"
"0","Colin","Capybara","F","0","2014-02-08"
"0","Lucy","Axolotl","F","0","2010-10-22"
"0","Leonard","Axolotl","F","1","2007-10-08"
"0","Eleanore","Puma","M","1","2010-02-19"
"0","Bartholome","African Gray Parrot","M","0","2008-05-19"
"0","Nadia","Capybara","M","0","2003-08-24"
"0","Eloise","Fox","M","0","2007-10-27"
"0","Walker","Mantis Shrimp","F","0","2015-02-27"
"0","Pauline","Pig","M","0","2013-06-02"
"0","Anthony","Chimpanzee","M","0","2009-05-09"
"0","Tyrique","Bearded Dragon Lizard","F","0","2010-03-27"
"0","Tate","Bearded Dragon Lizard","F","1","2007-04-04"
"0","Bette","Sugar Glider","M","1","2011-04-11"
"0","Fletcher","Python","M","0","2002-01-08"
"0","Destany","Chinchilla","M","0","2005-12-17"
"0","Irma","Tiger","M","0","2005-07-06"
"0","Chaim","Goat","M","1","2014-05-24"
"0","Albert","Alligator","F","0","2009-09-09"
"0","Eladio","Python","F","1","2010-04-05"
"0","Kelsi","Fox","F","0","2015-01-21"
"0","Olen","Goldfish","M","1","2016-09-11"
"0","Vicky","Axolotl","F","1","2002-07-04"
"0","Baron","Llama","M","1","2009-10-16"
"0","Lavern","Capybara","F","0","2005-06-15"
"0","Lucienne","Capybara","F","1","2016-02-22"
"0","Coy","Llama","M","1","2001-01-08"
"0","Leslie","Alligator","M","0","2004-08-22"
"0","Jake","Capybara","F","0","2002-06-17"
"0","Maxime","Fox","M","0","2000-02-27"
"0","Dangelo","Turtle","F","1","2007-08-22"
"0","Marguerite","Rat","M","1","2016-08-26"
"0","Jamarcus","Sugar Glider","F","0","2014-09-23"
"0","Rocio","Axolotl","F","1","2005-12-01"
"0","Gerhard","Puma","F","1","2017-08-12"
"0","Jacklyn","Chinchilla","M","0","2005-01-04"
"0","Cecil","Buffalo","M","0","2004-08-05"
"0","Alisha","Chinchilla","M","1","2013-02-23"
"0","Abelardo","Alligator","F","1","2010-12-16"
"0","Angelina","Buffalo","F","0","2005-12-10"
"0","Ryder","Turtle","M","1","2010-02-10"
"0","Kenna","Sugar Glider","F","1","2003-10-07"
"0","Justine","Chinchilla","F","0","2007-04-10"
"0","Rupert","Axolotl","M","1","2003-03-19"
"0","Maria","Python","F","1","2005-06-10"
"0","Marvin","Fox","M","0","2007-10-06"
"0","Erwin","Tiger","F","0","2014-01-28"
"0","Ewald","Tarantula","M","0","2005-11-27"
"0","Pansy","Axolotl","F","1","2001-06-21"
"0","Lavon","Chimpanzee","M","1","2017-05-04"
"0","Judge","Mantis Shrimp","M","1","2014-11-23"
"0","Godfrey","Goat","M","0","2016-05-08"
"0","Blake","Llama","F","1","2009-01-14"
"0","Rocio","Axolotl","F","0","2014-01-03"
"0","Taya","Chinchilla","F","1","2015-08-22"
"0","Elisabeth","Tarantula","F","1","2003-05-02"
"0","Craig","Alligator","F","0","2003-08-19"
"0","Dejon","African Gray Parrot","F","1","2014-07-04"
"0","Faustino","Buffalo","M","1","2012-05-19"
"0","Herman","Cow","M","0","2003-09-12"
"0","Zelma","Tarantula","F","0","2013-05-02"
"0","Yesenia","Cow","F","0","2005-01-11"
"0","Ephraim","Python","M","1","2000-01-18"
"0","Elva","Goldfish","F","1","2011-05-12"
"0","Yasmin","Siberian","F","1","2005-03-17"
"0","Tate","Siberian","M","1","2010-03-06"
"0","Rowan","African Gray Parrot","F","0","2000-08-08"
"0","Lydia","Python","M","0","2002-05-15"
"0","Joanny","Mantis Shrimp","F","0","2012-02-12"
"0","Ursula","Chimpanzee","F","1","2007-09-05"
"0","Rudy","Buffalo","M","0","2011-07-26"
"0","Herminia","Goldfish","M","0","2005-01-03"
"0","Jillian","Cow","F","1","2003-12-27"
"0","Gunner","Fox","F","0","2005-07-12"
"0","Omer","Pig","M","0","2004-08-03"
"0","Jerod","Horse","F","1","2002-02-11"
"0","Domenick","Alligator","F","1","2013-03-09"
"0","Corrine","Tiger","M","0","2013-03-02"
"0","Ole","Chinchilla","F","0","2006-08-10"
"0","Nicola","Tiger","M","1","2001-02-06"
"0","Jayme","Horse","F","1","2017-04-22"
"0","Golden","Mantis Shrimp","F","1","2015-01-18"
"0","Mark","Fox","F","1","2010-12-24"
"0","Kevin","Sugar Glider","M","0","2005-10-15"
"0","Elias","Puma","F","1","2004-04-08"
"0","Loy","Goldfish","F","0","2000-04-18"
"0","Rex","Buffalo","F","0","2012-09-22"
"0","Andrew","Python","F","1","2010-09-20"
"0","June","Buffalo","M","0","2014-07-12"
"0","Cordell","Turtle","F","0","2017-05-13"
"0","Davin","Chinchilla","F","1","2000-09-01"
"0","Petra","Cow","M","0","2004-05-21"
"0","Cordie","Llama","M","1","2010-02-16"
"0","Zechariah","Buffalo","M","1","2013-11-11"
"0","Cindy","Cow","F","1","2010-09-06"
"0","Harmony","Goat","F","1","2005-04-04"
"0","Jensen","Horse","F","1","2006-08-25"
"0","Telly","Alligator","M","1","2013-01-25"
"0","Monte","Goat","M","1","2012-08-28"
"0","Judah","Chimpanzee","M","0","2006-09-22"
"0","Webster","Siberian","M","1","2005-12-17"
"0","Kory","Hedgehog","M","0","2010-01-14"
"0","Fred","Bearded Dragon Lizard","M","1","2012-05-04"
"0","Aurore","Chimpanzee","F","1","2008-08-12"
"0","Kamren","Mantis Shrimp","M","1","2016-01-20"
"0","Virginia","Horse","M","0","2000-06-24"
"0","Madelyn","Llama","F","1","2008-02-15"
"0","Christiana","Python","F","1","2016-10-24"
"0","Elias","Llama","M","1","2010-02-20"
"0","Frederick","Cow","M","0","2005-03-03"
"0","Wilhelmine","Tarantula","M","1","2004-08-01"
"0","Kristian","Siberian","M","0","2017-01-15"
"0","Juliana","Chinchilla","M","1","2014-07-05"
"0","Mathilde","Chimpanzee","M","0","2003-02-15"
"0","Toy","Hedgehog","M","1","2011-05-11"
"0","Alia","Chinchilla","F","1","2015-08-11"
"0","Justen","Goldfish","F","1","2004-10-18"
"0","Maryjane","Horse","M","1","2000-02-06"
"0","Letha","Tiger","M","0","2009-06-08"
"0","Amely","Hedgehog","M","1","2011-08-28"
"0","Adolphus","Capybara","M","1","2012-09-17"
"0","Clark","Fox","F","1","2008-04-19"
"0","Kade","Goldfish","M","0","2008-08-17"
"0","Leone","Tiger","F","1","2000-05-12"
"0","Julie","Rat","F","1","2009-04-20"
"0","Gregoria","Rat","M","1","2001-03-16"
"0","Ibrahim","Goat","F","1","2006-11-04"
"0","Cheyenne","Rat","F","1","2008-02-11"
"0","Haven","Siberian","F","1","2006-12-04"
"0","Jana","Axolotl","F","1","2005-12-08"
"0","Garth","Python","M","1","2011-03-09"
"0","Edyth","Snow Owl","M","0","2016-07-06"
"0","Lolita","Buffalo","F","1","2008-09-28"
"0","Hilda","Buffalo","F","0","2013-11-02"
"0","Clemmie","Alligator","M","1","2006-08-16"
"0","Khalid","Horse","M","1","2012-08-01"
"0","Jessie","Horse","M","1","2013-12-26"
"0","Edythe","Python","F","0","2006-08-07"
"0","Zackary","African Gray Parrot","M","1","2012-02-03"
"0","Elody","Bearded Dragon Lizard","M","1","2003-09-22"
"0","Pedro","Snow Owl","M","1","2006-08-16"
"0","Dana","Snow Owl","F","1","2008-01-05"
"0","Annabell","Cow","F","0","2017-02-11"
"0","Nellie","Llama","M","0","2007-11-11"
"0","Alexandrea","Rat","F","0","2017-07-23"
"0","Angelica","Goat","M","0","2008-03-08"
"0","Adriana","Python","F","0","2016-06-11"
"0","Antonina","Tarantula","F","0","2012-06-21"
"0","Ruth","Alligator","M","1","2002-05-14"
"0","Demarco","Tarantula","F","0","2006-06-13"
"0","Jaunita","Chinchilla","M","0","2003-03-11"
"0","Buddy","Llama","M","0","2008-05-15"
"0","Earl","Goat","M","1","2016-11-07"
"0","Marcellus","Mantis Shrimp","M","0","2015-07-19"
"0","Lavina","Turtle","F","1","2017-11-19"
"0","Karina","Cow","F","1","2016-08-05"
"0","Cullen","Puma","F","1","2013-02-24"
"0","Kaci","Turtle","M","1","2007-06-25"
"0","Susana","Goldfish","F","1","2002-02-15"
"0","Litzy","Horse","M","0","2004-08-03"
"0","Roma","Tarantula","F","0","2008-05-10"
"0","Zion","Goat","F","0","2011-11-04"
"0","Carli","Puma","F","1","2010-12-22"
"0","Gladyce","Llama","F","1","2004-02-23"
"0","Salma","Buffalo","F","0","2016-12-01"
"0","Leif","Axolotl","F","0","2013-01-09"
"0","Michel","Tiger","M","1","2013-10-01"
"0","Harrison","Horse","M","1","2014-04-16"
"0","Tatum","Bearded Dragon Lizard","F","1","2012-03-12"
"0","Kyla","Tiger","F","1","2005-04-25"
"0","Maritza","Axolotl","F","0","2011-03-05"
"0","Sammie","Axolotl","F","1","2011-04-22"
"0","Nikolas","Hedgehog","F","1","2001-06-25"
"0","Glenda","Fox","F","1","2002-04-13"
"0","Geo","Tarantula","F","1","2016-11-06"
"0","Fernando","Fox","F","1","2010-01-04"
"0","Hillard","Mantis Shrimp","F","1","2014-07-25"
"0","Cecelia","Tarantula","F","1","2004-08-19"
"0","Laura","Snow Owl","F","1","2016-11-19"
"0","Mohammed","Goldfish","F","1","2001-03-09"
"0","Annamarie","African Gray Parrot","F","1","2002-09-25"
"0","Bethany","Python","M","0","2010-12-06"
"0","Donald","Pig","F","1","2009-05-21"
"0","Reba","Pig","M","0","2010-09-12"
"0","Sallie","Llama","M","0","2001-11-17"
"0","Omari","Puma","F","0","2014-01-13"
"0","Justina","Horse","M","0","2013-09-28"
"0","Lou","Horse","F","0","2013-08-02"
"0","Avis","Pig","F","0","2012-08-08"
"0","Tierra","Rat","F","0","2003-05-18"
"0","Carmelo","Snow Owl","F","1","2008-09-18"
"0","Trudie","Rat","M","0","2003-06-24"
"0","Velma","Chinchilla","F","1","2016-10-19"
"0","Ernestine","African Gray Parrot","F","0","2004-10-27"
"0","Itzel","Tarantula","F","1","2005-05-06"
"0","Harry","Python","F","0","2013-10-08"
"0","Maribel","Puma","F","1","2015-02-02"
"0","Daron","Chimpanzee","M","1","2005-01-17"
"0","Dasia","Rat","F","0","2012-09-15"
"0","Arvilla","Chinchilla","M","0","2010-10-09"
"0","Kylie","Cow","F","1","2004-06-01"
"0","Virgil","Hedgehog","M","1","2004-04-10"
"0","Laila","Cow","F","1","2012-04-18"
"0","Gennaro","Horse","F","1","2006-11-26"
"0","Jonatan","Tarantula","F","0","2007-04-09"
"0","Zena","Horse","F","0","2005-12-15"
"0","Carmine","Turtle","M","1","2007-04-02"
"0","Roy","Tiger","M","1","2003-05-08"
"0","Ernest","Bearded Dragon Lizard","F","0","2008-10-01"
"0","Alice","Mantis Shrimp","F","0","2010-01-22"
"0","Betty","Llama","F","1","2012-06-03"
"0","Orpha","Goat","F","1","2012-11-14"
"0","London","Goat","F","1","2012-04-27"
"0","Ricky","Chimpanzee","F","0","2011-12-10"
"0","Murray","Horse","M","0","2010-02-16"
"0","Velva","Sugar Glider","M","1","2007-08-07"
"0","Matilde","Snow Owl","F","0","2010-06-14"
"0","Fernando","Tiger","F","1","2015-02-16"
"0","Elise","Rat","M","1","2013-07-28"
"0","Aletha","African Gray Parrot","M","1","2013-07-04"
"0","Roscoe","Cow","F","0","2013-07-08"
"0","Jett","Puma","F","0","2000-01-01"
"0","Estelle","Siberian","M","0","2004-12-18"
"0","Moses","Bearded Dragon Lizard","F","1","2016-11-20"
"0","Harmon","Hedgehog","F","1","2009-01-23"
"0","Arvilla","Buffalo","M","1","2006-02-13"
"0","Emily","Goldfish","M","1","2015-10-12"
"0","Verda","Buffalo","F","1","2005-03-11"
"0","Carolyn","Axolotl","F","1","2001-08-03"
"0","Lucie","Python","F","0","2009-02-01"
"0","Ferne","Alligator","F","1","2008-02-17"
"0","Joelle","Tiger","F","1","2006-10-06"
"0","Zula","Tiger","F","0","2008-01-28"
"0","Lesly","Tarantula","M","0","2011-05-01"
"0","Dashawn","Llama","M","1","2007-03-13"
"0","Sam","Pig","F","1","2017-11-01"
"0","Marguerite","Sugar Glider","M","1","2004-07-15"
"0","Missouri","African Gray Parrot","F","0","2008-09-19"
"0","Aditya","Tarantula","M","1","2002-02-20"
"0","Garnet","Axolotl","M","0","2007-12-26"
"0","Crystal","Capybara","M","0","2001-07-03"
"0","Melvin","Python","M","1","2002-08-01"
"0","Norbert","Goat","M","0","2015-12-06"
"0","Jovan","Bearded Dragon Lizard","F","0","2017-12-10"
"0","Jose","Snow Owl","M","1","2004-12-27"
"0","Reinhold","Bearded Dragon Lizard","M","0","2015-11-17"
"0","Cleta","Tarantula","F","0","2017-01-26"
"0","Travon","Hedgehog","M","1","2002-03-10"
"0","Chasity","Sugar Glider","M","0","2016-03-08"
"0","Dawn","Horse","F","1","2009-10-27"
"0","Delfina","Tiger","F","0","2005-05-01"
"0","Lorenz","Fox","F","1","2009-12-27"
"0","Mallory","Capybara","F","0","2014-07-10"
"0","Aiden","Goat","M","0","2015-04-24"
"0","Lucy","Chimpanzee","M","1","2008-01-10"
"0","Fredy","Turtle","F","1","2016-05-24"
"0","Heidi","Puma","M","0","2014-11-22"
"0","Verla","Tiger","M","0","2013-09-14"
"0","Annabel","Chimpanzee","M","0","2007-02-18"
"0","Fae","Buffalo","F","1","2012-06-05"
"0","Marco","Bearded Dragon Lizard","F","1","2007-10-03"
"0","Cecil","Hedgehog","M","1","2000-11-11"
"0","Cary","African Gray Parrot","M","1","2011-12-11"
"0","Narciso","Puma","M","0","2007-01-09"
"0","Adolphus","Goldfish","M","1","2006-10-04"
"0","Summer","Pig","F","0","2009-07-11"
"0","Delfina","Hedgehog","M","1","2007-03-05"
"0","Thaddeus","Siberian","M","1","2009-04-25"
"0","Jerel","Axolotl","F","1","2017-09-04"
"0","Maxine","Sugar Glider","M","0","2011-04-03"
"0","Dangelo","Chimpanzee","F","1","2009-10-24"
"0","Dax","Puma","F","1","2006-10-18"
"0","Everardo","Bearded Dragon Lizard","F","1","2009-09-19"
"0","Nikko","Alligator","F","1","2005-12-28"
"0","Freddy","Axolotl","M","0","2000-07-09"
"0","Terrell","Capybara","F","0","2002-02-10"
"0","Maye","Cow","M","0","2009-06-01"
"0","Julio","Puma","F","0","2014-03-25"
"0","Lucie","Puma","M","1","2015-01-16"
"0","Mariela","Sugar Glider","F","1","2003-03-06"
"0","Albert","African Gray Parrot","F","1","2006-07-02"
"0","Mae","Sugar Glider","F","0","2011-09-10"
"0","Jerald","Chinchilla","M","1","2017-08-10"
"0","Bonnie","Sugar Glider","M","1","2006-02-07"
"0","Alexanne","Mantis Shrimp","F","1","2010-10-22"
"0","Raul","Siberian","F","0","2002-05-01"
"0","Sabrina","Chimpanzee","F","1","2006-10-04"
"0","Henri","Python","M","1","2012-04-15"
"0","Jaylin","Bearded Dragon Lizard","M","1","2012-02-07"
"0","Maegan","Siberian","F","0","2017-12-13"
"0","Esperanza","Sugar Glider","F","1","2014-08-08"
"0","Alvis","Rat","M","0","2012-02-13"
"0","Gwen","Mantis Shrimp","M","0","2007-06-12"
"0","Myrtis","Axolotl","F","0","2012-01-05"
"0","Luigi","Horse","F","0","2001-04-15"
"0","Darien","Horse","F","1","2002-10-02"
"0","Jeffery","Turtle","M","1","2016-08-15"
"0","Shanna","Puma","M","0","2008-09-13"
"0","Kirstin","Capybara","F","1","2003-06-03"
"0","Judge","Goldfish","M","1","2006-12-23"
"0","Constantin","Tarantula","F","0","2014-03-10"
"0","Mateo","Snow Owl","M","1","2017-10-07"
"0","Iva","Horse","F","0","2007-10-15"
"0","Karley","Snow Owl","M","0","2016-01-07"
"0","Agustina","Goat","M","1","2004-05-12"
"0","Edwina","Chinchilla","M","1","2015-07-27"
"0","Zena","Goat","M","0","2005-01-05"
"0","Aditya","Siberian","F","1","2011-10-26"
"0","Arely","Bearded Dragon Lizard","M","1","2011-08-22"
"0","Margie","Buffalo","F","1","2016-07-14"
"0","Luigi","Tiger","M","1","2009-11-12"
"0","Sheila","Hedgehog","M","0","2011-02-25"
"0","Halie","Chimpanzee","F","0","2002-12-21"
"0","Cecilia","Llama","F","0","2002-01-12"
"0","Karianne","Goat","F","0","2016-08-07"
"0","Loyal","Alligator","F","1","2017-06-15"
"0","Lewis","Horse","M","0","2004-01-07"
"0","Celestino","Tiger","F","1","2010-11-24"
"0","Aurelio","Capybara","F","0","2012-04-20"
"0","Gillian","Cow","M","0","2014-05-10"
"0","Eladio","Mantis Shrimp","M","0","2006-10-17"
"0","Christian","Capybara","F","1","2004-04-21"
"0","Paris","Turtle","M","1","2017-05-24"
"0","Zachery","Horse","M","1","2002-11-20"
"0","Coty","Chimpanzee","M","0","2011-01-17"
"0","Anya","Axolotl","M","0","2010-06-20"
"0","Roselyn","Hedgehog","F","0","2013-10-14"
"0","Humberto","Horse","F","0","2005-10-02"
"0","Brian","Turtle","F","1","2010-10-08"
"0","Luisa","Rat","F","1","2017-04-12"
"0","Bradford","Tarantula","F","0","2013-08-21"
"0","Shannon","Goat","M","1","2015-11-27"
"0","Dangelo","Rat","F","0","2000-09-27"
"0","Angel","Python","F","0","2011-07-28"
"0","Jordy","Tarantula","M","1","2004-03-09"
"0","Arlo","Bearded Dragon Lizard","M","1","2002-01-17"
"0","Kiel","Bearded Dragon Lizard","M","0","2017-04-08"
"0","Manley","Fox","F","1","2016-05-13"
